flight_id,airline,source,destination,departure_time,arrival_time,duration
SJ010,SpiceJet,CCU,MAA,2026-04-20 23:38:41,2026-04-21 02:32:41,02:54:00
AI155,Air India,BOM,CCU,2026-04-20 23:35:41,2026-04-21 01:23:41,01:48:00
UK094,Vistara,BOM,CCU,2026-04-20 23:26:41,2026-04-21 01:11:41,01:45:00
AI245,Air India,BOM,CCU,2026-04-20 23:07:41,2026-04-21 01:43:41,02:36:00
AI192,Air India,MAA,BOM,2026-04-20 23:05:41,2026-04-21 04:04:41,04:59:00
SJ158,SpiceJet,DEL,HYD,2026-04-20 23:05:41,2026-04-21 01:24:41,02:19:00
6F196,IndiGo,CCU,MAA,2026-04-20 23:04:41,2026-04-21 00:47:41,01:43:00
AI080,Air India,BOM,HYD,2026-04-20 23:03:41,2026-04-21 00:35:41,01:32:00
6F025,IndiGo,BLR,BOM,2026-04-20 23:02:41,2026-04-20 23:57:41,00:55:00
6F251,IndiGo,DEL,BLR,2026-04-20 22:56:41,2026-04-20 23:37:41,00:41:00
AI137,Air India,BOM,DEL,2026-04-20 22:49:41,2026-04-21 01:17:41,02:28:00
6F026,IndiGo,BOM,CCU,2026-04-20 22:46:42,2026-04-21 03:13:42,04:27:00
UK167,Vistara,DEL,MAA,2026-04-20 22:45:41,2026-04-21 01:46:41,03:01:00
UK027,Vistara,BOM,CCU,2026-04-20 22:44:41,2026-04-21 01:05:41,02:21:00
AI069,Air India,DEL,BOM,2026-04-20 22:43:41,2026-04-21 02:29:41,03:46:00
AI058,Air India,BOM,CCU,2026-04-20 22:40:41,2026-04-21 00:18:41,01:38:00
AI140,Air India,BOM,DEL,2026-04-20 22:25:41,2026-04-21 02:08:41,03:43:00
SJ239,SpiceJet,BOM,CCU,2026-04-20 22:24:41,2026-04-21 00:10:41,01:46:00
6F099,IndiGo,MAA,DEL,2026-04-20 22:24:41,2026-04-20 22:59:41,00:35:00
AI048,Air India,CCU,DEL,2026-04-20 22:23:41,2026-04-21 02:15:41,03:52:00
SJ112,SpiceJet,HYD,DEL,2026-04-20 22:20:41,2026-04-21 00:40:41,02:20:00
6F164,IndiGo,BLR,BOM,2026-04-20 22:18:41,2026-04-21 00:45:41,02:27:00
UK021,Vistara,HYD,MAA,2026-04-20 22:00:41,2026-04-20 23:50:41,01:50:00
SJ172,SpiceJet,CCU,DEL,2026-04-20 21:58:41,2026-04-21 01:14:41,03:16:00
AI060,Air India,DEL,HYD,2026-04-20 21:58:41,2026-04-20 23:51:41,01:53:00
SJ205,SpiceJet,HYD,CCU,2026-04-20 21:56:41,2026-04-20 23:00:41,01:04:00
SJ093,SpiceJet,BLR,BOM,2026-04-20 21:55:41,2026-04-20 23:01:41,01:06:00
6F195,IndiGo,CCU,DEL,2026-04-20 21:44:41,2026-04-20 22:39:41,00:55:00
UK003,Vistara,HYD,DEL,2026-04-20 21:41:41,2026-04-21 02:19:41,04:38:00
UK026,Vistara,HYD,MAA,2026-04-20 21:38:41,2026-04-20 23:44:41,02:06:00
6F174,IndiGo,DEL,HYD,2026-04-20 21:36:41,2026-04-20 22:16:41,00:40:00
UK067,Vistara,BOM,CCU,2026-04-20 21:36:41,2026-04-21 01:02:41,03:26:00
SJ149,SpiceJet,HYD,MAA,2026-04-20 21:20:41,2026-04-20 23:20:42,02:00:00.298000
6F213,IndiGo,BLR,BOM,2026-04-20 21:05:41,2026-04-21 00:32:41,03:27:00
UK200,Vistara,CCU,DEL,2026-04-20 20:54:41,2026-04-20 22:45:41,01:51:00
SJ214,SpiceJet,BOM,MAA,2026-04-20 20:54:41,2026-04-20 22:10:41,01:16:00
SJ047,SpiceJet,HYD,BOM,2026-04-20 20:44:41,2026-04-20 21:21:41,00:37:00
AI179,Air India,HYD,BOM,2026-04-20 20:41:41,2026-04-21 01:19:41,04:38:00
SJ153,SpiceJet,DEL,CCU,2026-04-20 20:37:41,2026-04-20 22:00:41,01:23:00
6F236,IndiGo,BOM,DEL,2026-04-20 20:35:41,2026-04-20 23:54:41,03:19:00
UK059,Vistara,HYD,MAA,2026-04-20 20:33:41,2026-04-20 22:10:41,01:37:00
SJ001,SpiceJet,BOM,MAA,2026-04-20 20:28:41,2026-04-21 01:15:41,04:47:00
SJ049,SpiceJet,CCU,DEL,2026-04-20 20:26:41,2026-04-21 00:26:41,04:00:00
6F086,IndiGo,MAA,HYD,2026-04-20 20:23:41,2026-04-20 21:00:41,00:37:00
AI220,Air India,BOM,DEL,2026-04-20 20:19:41,2026-04-20 21:57:41,01:38:00
AI188,Air India,CCU,HYD,2026-04-20 20:16:41,2026-04-20 23:02:41,02:46:00
6F114,IndiGo,BOM,MAA,2026-04-20 20:10:41,2026-04-20 21:00:41,00:50:00
SJ179,SpiceJet,DEL,HYD,2026-04-20 20:09:41,2026-04-20 23:39:41,03:30:00
6F190,IndiGo,DEL,MAA,2026-04-20 20:02:41,2026-04-21 00:36:41,04:34:00
SJ003,SpiceJet,MAA,CCU,2026-04-20 19:50:41,2026-04-20 20:32:41,00:42:00
6F028,IndiGo,HYD,CCU,2026-04-20 19:49:41,2026-04-20 21:49:41,02:00:00
UK036,Vistara,CCU,BLR,2026-04-20 19:48:41,2026-04-21 00:12:41,04:24:00
SJ160,SpiceJet,MAA,BLR,2026-04-20 19:45:41,2026-04-20 20:30:41,00:45:00
6F151,IndiGo,CCU,HYD,2026-04-20 19:44:41,2026-04-20 22:04:41,02:20:00
UK140,Vistara,MAA,BLR,2026-04-20 19:37:41,2026-04-20 21:00:41,01:23:00
AI115,Air India,MAA,BLR,2026-04-20 19:37:41,2026-04-21 00:26:41,04:49:00
AI132,Air India,BLR,BOM,2026-04-20 19:32:41,2026-04-20 21:41:41,02:09:00
UK209,Vistara,MAA,BLR,2026-04-20 19:02:41,2026-04-20 21:47:41,02:45:00
SJ043,SpiceJet,MAA,DEL,2026-04-20 18:59:41,2026-04-20 21:08:41,02:09:00
UK176,Vistara,HYD,BLR,2026-04-20 18:41:41,2026-04-20 22:49:41,04:08:00
UK216,Vistara,MAA,HYD,2026-04-20 18:33:41,2026-04-20 21:47:41,03:14:00
UK150,Vistara,DEL,CCU,2026-04-20 18:31:41,2026-04-20 19:01:41,00:30:00
UK145,Vistara,BOM,HYD,2026-04-20 18:30:41,2026-04-20 20:41:41,02:11:00
6F270,IndiGo,HYD,MAA,2026-04-20 18:14:41,2026-04-20 19:02:41,00:48:00
6F012,IndiGo,CCU,HYD,2026-04-20 18:06:41,2026-04-20 21:31:41,03:25:00
SJ236,SpiceJet,MAA,BOM,2026-04-20 18:03:41,2026-04-20 22:02:41,03:59:00
6F149,IndiGo,BLR,CCU,2026-04-20 17:57:41,2026-04-20 20:42:41,02:45:00
UK004,Vistara,BOM,CCU,2026-04-20 17:56:41,2026-04-20 18:30:41,00:34:00
UK010,Vistara,MAA,HYD,2026-04-20 17:53:41,2026-04-20 20:40:41,02:47:00
UK215,Vistara,BOM,DEL,2026-04-20 17:38:41,2026-04-20 19:50:41,02:12:00
SJ116,SpiceJet,HYD,CCU,2026-04-20 17:33:41,2026-04-20 19:02:41,01:29:00
SJ023,SpiceJet,HYD,MAA,2026-04-20 17:27:41,2026-04-20 19:09:41,01:42:00
UK152,Vistara,BOM,CCU,2026-04-20 17:24:41,2026-04-20 20:13:41,02:49:00
SJ202,SpiceJet,CCU,HYD,2026-04-20 17:21:41,2026-04-20 19:08:41,01:47:00
6F043,IndiGo,BOM,HYD,2026-04-20 17:17:41,2026-04-20 18:43:41,01:26:00
UK173,Vistara,MAA,BLR,2026-04-20 17:06:41,2026-04-20 21:22:41,04:16:00
SJ081,SpiceJet,BOM,BLR,2026-04-20 17:04:41,2026-04-20 18:53:41,01:49:00
UK153,Vistara,CCU,HYD,2026-04-20 16:52:41,2026-04-20 20:53:41,04:01:00
UK187,Vistara,BLR,BOM,2026-04-20 16:52:41,2026-04-20 18:42:41,01:50:00
UK055,Vistara,HYD,DEL,2026-04-20 16:48:41,2026-04-20 19:31:41,02:43:00
UK181,Vistara,MAA,DEL,2026-04-20 16:44:41,2026-04-20 19:26:41,02:42:00
UK074,Vistara,BOM,DEL,2026-04-20 16:44:41,2026-04-20 18:41:41,01:57:00
SJ068,SpiceJet,BLR,BOM,2026-04-20 16:44:41,2026-04-20 18:48:41,02:04:00
AI242,Air India,BLR,CCU,2026-04-20 16:41:41,2026-04-20 17:43:41,01:02:00
SJ237,SpiceJet,BOM,CCU,2026-04-20 16:32:41,2026-04-20 19:00:41,02:28:00
6F194,IndiGo,BOM,CCU,2026-04-20 16:29:41,2026-04-20 18:27:41,01:58:00
UK063,Vistara,DEL,BOM,2026-04-20 16:29:41,2026-04-20 17:41:41,01:12:00
UK068,Vistara,BLR,MAA,2026-04-20 16:28:41,2026-04-20 18:09:41,01:41:00
UK224,Vistara,CCU,MAA,2026-04-20 16:25:41,2026-04-20 20:24:41,03:59:00
UK077,Vistara,HYD,BOM,2026-04-20 16:22:41,2026-04-20 18:00:41,01:38:00
UK207,Vistara,MAA,CCU,2026-04-20 16:21:41,2026-04-20 17:36:41,01:15:00
AI221,Air India,MAA,HYD,2026-04-20 16:18:41,2026-04-20 18:54:41,02:36:00
UK109,Vistara,BLR,BOM,2026-04-20 16:06:41,2026-04-20 17:06:42,01:00:00.298000
UK089,Vistara,BOM,HYD,2026-04-20 15:38:41,2026-04-20 19:50:41,04:12:00
AI072,Air India,BLR,CCU,2026-04-20 15:34:41,2026-04-20 16:32:41,00:58:00
UK131,Vistara,BOM,DEL,2026-04-20 15:33:41,2026-04-20 19:39:41,04:06:00
SJ150,SpiceJet,BOM,HYD,2026-04-20 15:33:41,2026-04-20 19:03:41,03:30:00
6F097,IndiGo,BLR,BOM,2026-04-20 15:32:41,2026-04-20 16:49:41,01:17:00
6F123,IndiGo,DEL,HYD,2026-04-20 15:26:41,2026-04-20 17:12:41,01:46:00
6F017,IndiGo,CCU,BOM,2026-04-20 15:25:41,2026-04-20 18:06:41,02:41:00
6F245,IndiGo,CCU,BOM,2026-04-20 15:25:41,2026-04-20 18:06:41,02:41:00
6F180,IndiGo,MAA,BLR,2026-04-20 15:24:41,2026-04-20 19:48:41,04:24:00
6F152,IndiGo,CCU,DEL,2026-04-20 15:21:41,2026-04-20 17:25:41,02:04:00
SJ034,SpiceJet,MAA,BOM,2026-04-20 15:20:41,2026-04-20 20:11:41,04:51:00
SJ142,SpiceJet,CCU,BOM,2026-04-20 15:14:41,2026-04-20 16:56:41,01:42:00
UK189,Vistara,BLR,MAA,2026-04-20 15:07:41,2026-04-20 18:51:41,03:44:00
SJ044,SpiceJet,DEL,CCU,2026-04-20 15:06:41,2026-04-20 17:43:41,02:37:00
SJ196,SpiceJet,DEL,HYD,2026-04-20 14:58:41,2026-04-20 17:44:41,02:46:00
6F188,IndiGo,DEL,HYD,2026-04-20 14:57:41,2026-04-20 19:39:41,04:42:00
6F181,IndiGo,BOM,MAA,2026-04-20 14:55:41,2026-04-20 16:43:41,01:48:00
6F077,IndiGo,CCU,DEL,2026-04-20 14:55:41,2026-04-20 19:13:41,04:18:00
SJ154,SpiceJet,BLR,HYD,2026-04-20 14:47:41,2026-04-20 16:26:41,01:39:00
AI025,Air India,HYD,DEL,2026-04-20 14:46:41,2026-04-20 17:11:41,02:25:00
AI094,Air India,DEL,BLR,2026-04-20 14:44:41,2026-04-20 15:44:42,01:00:00.298000
6F191,IndiGo,BLR,DEL,2026-04-20 14:41:41,2026-04-20 15:11:41,00:30:00
SJ085,SpiceJet,BLR,MAA,2026-04-20 14:41:41,2026-04-20 19:11:41,04:30:00
6F261,IndiGo,CCU,DEL,2026-04-20 14:31:41,2026-04-20 17:29:41,02:58:00
6F129,IndiGo,DEL,CCU,2026-04-20 14:28:41,2026-04-20 16:47:41,02:19:00
6F254,IndiGo,MAA,BLR,2026-04-20 14:26:41,2026-04-20 18:01:41,03:35:00
SJ185,SpiceJet,BOM,CCU,2026-04-20 14:21:41,2026-04-20 15:21:41,01:00:00
6F030,IndiGo,BOM,DEL,2026-04-20 14:20:41,2026-04-20 17:10:41,02:50:00
SJ222,SpiceJet,BOM,DEL,2026-04-20 14:15:41,2026-04-20 17:09:41,02:54:00
6F259,IndiGo,BOM,DEL,2026-04-20 14:10:41,2026-04-20 15:21:41,01:11:00
UK083,Vistara,DEL,HYD,2026-04-20 14:10:41,2026-04-20 14:59:41,00:49:00
6F051,IndiGo,BLR,BOM,2026-04-20 13:58:41,2026-04-20 15:58:41,02:00:00
SJ088,SpiceJet,CCU,MAA,2026-04-20 13:54:41,2026-04-20 14:26:41,00:32:00
6F146,IndiGo,HYD,MAA,2026-04-20 13:51:41,2026-04-20 15:07:41,01:16:00
6F047,IndiGo,MAA,DEL,2026-04-20 13:50:41,2026-04-20 15:55:41,02:05:00
AI077,Air India,CCU,HYD,2026-04-20 13:45:41,2026-04-20 14:51:41,01:06:00
UK134,Vistara,HYD,CCU,2026-04-20 13:44:41,2026-04-20 17:26:41,03:42:00
AI056,Air India,DEL,MAA,2026-04-20 13:44:41,2026-04-20 17:39:41,03:55:00
UK141,Vistara,HYD,MAA,2026-04-20 13:38:41,2026-04-20 15:59:41,02:21:00
AI030,Air India,CCU,HYD,2026-04-20 13:33:41,2026-04-20 16:52:41,03:19:00
AI029,Air India,MAA,DEL,2026-04-20 13:29:41,2026-04-20 17:53:41,04:24:00
SJ167,SpiceJet,MAA,CCU,2026-04-20 13:18:41,2026-04-20 14:12:41,00:54:00
UK017,Vistara,BLR,HYD,2026-04-20 13:14:41,2026-04-20 14:49:41,01:35:00
6F229,IndiGo,MAA,DEL,2026-04-20 13:10:41,2026-04-20 14:30:41,01:20:00
SJ117,SpiceJet,MAA,BLR,2026-04-20 13:10:41,2026-04-20 17:06:41,03:56:00
6F184,IndiGo,MAA,BOM,2026-04-20 13:05:41,2026-04-20 16:04:41,02:59:00
AI031,Air India,DEL,MAA,2026-04-20 13:05:41,2026-04-20 16:11:41,03:06:00
AI178,Air India,CCU,BLR,2026-04-20 13:04:41,2026-04-20 14:03:41,00:59:00
SJ089,SpiceJet,HYD,CCU,2026-04-20 12:42:41,2026-04-20 17:15:41,04:33:00
UK166,Vistara,HYD,MAA,2026-04-20 12:39:41,2026-04-20 17:32:41,04:53:00
UK104,Vistara,DEL,BOM,2026-04-20 12:30:41,2026-04-20 13:52:41,01:22:00
6F168,IndiGo,HYD,DEL,2026-04-20 12:18:41,2026-04-20 15:58:41,03:40:00
AI222,Air India,BOM,DEL,2026-04-20 12:10:41,2026-04-20 13:14:41,01:04:00
SJ025,SpiceJet,BOM,CCU,2026-04-20 12:02:41,2026-04-20 15:29:41,03:27:00
6F255,IndiGo,DEL,BOM,2026-04-20 11:59:41,2026-04-20 15:33:41,03:34:00
UK228,Vistara,DEL,MAA,2026-04-20 11:58:41,2026-04-20 15:08:41,03:10:00
6F158,IndiGo,CCU,MAA,2026-04-20 11:58:41,2026-04-20 16:04:41,04:06:00
SJ218,SpiceJet,DEL,HYD,2026-04-20 11:58:41,2026-04-20 15:03:41,03:05:00
6F034,IndiGo,BOM,DEL,2026-04-20 11:53:41,2026-04-20 12:49:41,00:56:00
UK156,Vistara,MAA,BLR,2026-04-20 11:50:41,2026-04-20 15:54:41,04:04:00
6F105,IndiGo,BLR,BOM,2026-04-20 11:46:41,2026-04-20 12:58:41,01:12:00
6F073,IndiGo,DEL,CCU,2026-04-20 11:38:41,2026-04-20 15:18:41,03:40:00
SJ074,SpiceJet,DEL,CCU,2026-04-20 11:21:41,2026-04-20 12:02:41,00:41:00
6F234,IndiGo,BOM,DEL,2026-04-20 11:20:41,2026-04-20 14:11:41,02:51:00
6F068,IndiGo,BLR,HYD,2026-04-20 11:17:41,2026-04-20 15:06:41,03:49:00
6F074,IndiGo,HYD,BOM,2026-04-20 11:09:41,2026-04-20 14:29:41,03:20:00
AI038,Air India,HYD,MAA,2026-04-20 11:05:41,2026-04-20 15:44:41,04:39:00
AI079,Air India,CCU,BLR,2026-04-20 11:04:41,2026-04-20 13:19:41,02:15:00
SJ018,SpiceJet,BOM,CCU,2026-04-20 10:58:41,2026-04-20 13:31:41,02:33:00
6F018,IndiGo,DEL,BLR,2026-04-20 10:57:41,2026-04-20 11:43:41,00:46:00
AI091,Air India,CCU,MAA,2026-04-20 10:52:41,2026-04-20 15:15:41,04:23:00
UK071,Vistara,DEL,HYD,2026-04-20 10:50:41,2026-04-20 14:06:41,03:16:00
AI019,Air India,BOM,CCU,2026-04-20 10:49:41,2026-04-20 11:51:41,01:02:00
UK212,Vistara,HYD,MAA,2026-04-20 10:46:41,2026-04-20 11:31:41,00:45:00
AI146,Air India,BLR,DEL,2026-04-20 10:40:41,2026-04-20 13:46:41,03:06:00
6F232,IndiGo,MAA,BLR,2026-04-20 10:39:41,2026-04-20 12:22:41,01:43:00
6F084,IndiGo,CCU,HYD,2026-04-20 10:34:41,2026-04-20 11:34:42,01:00:00.298000
AI129,Air India,BOM,CCU,2026-04-20 10:29:41,2026-04-20 13:38:41,03:09:00
AI240,Air India,MAA,DEL,2026-04-20 10:19:41,2026-04-20 12:46:41,02:27:00
6F091,IndiGo,BLR,CCU,2026-04-20 10:10:41,2026-04-20 11:36:41,01:26:00
UK133,Vistara,BOM,DEL,2026-04-20 10:04:41,2026-04-20 13:16:41,03:12:00
SJ007,SpiceJet,BOM,CCU,2026-04-20 10:03:41,2026-04-20 14:53:41,04:50:00
SJ141,SpiceJet,CCU,DEL,2026-04-20 10:00:41,2026-04-20 13:37:41,03:37:00
6F049,IndiGo,HYD,DEL,2026-04-20 10:00:41,2026-04-20 13:13:41,03:13:00
SJ235,SpiceJet,BOM,DEL,2026-04-20 09:57:41,2026-04-20 13:45:41,03:48:00
UK087,Vistara,HYD,MAA,2026-04-20 09:49:41,2026-04-20 13:17:41,03:28:00
UK170,Vistara,BOM,BLR,2026-04-20 09:42:41,2026-04-20 11:32:41,01:50:00
SJ078,SpiceJet,DEL,HYD,2026-04-20 09:41:41,2026-04-20 12:49:41,03:08:00
SJ075,SpiceJet,MAA,BLR,2026-04-20 09:26:41,2026-04-20 11:03:41,01:37:00
AI159,Air India,HYD,BLR,2026-04-20 09:23:41,2026-04-20 11:36:41,02:13:00
UK120,Vistara,HYD,DEL,2026-04-20 09:19:41,2026-04-20 13:30:41,04:11:00
AI059,Air India,CCU,DEL,2026-04-20 09:16:41,2026-04-20 11:43:41,02:27:00
UK040,Vistara,HYD,CCU,2026-04-20 09:15:41,2026-04-20 10:32:41,01:17:00
AI044,Air India,MAA,BLR,2026-04-20 09:03:41,2026-04-20 12:36:41,03:33:00
AI078,Air India,DEL,BOM,2026-04-20 08:58:41,2026-04-20 13:28:41,04:30:00
SJ226,SpiceJet,HYD,BOM,2026-04-20 08:47:41,2026-04-20 12:54:41,04:07:00
6F209,IndiGo,MAA,CCU,2026-04-20 08:40:41,2026-04-20 13:40:41,05:00:00
UK193,Vistara,HYD,DEL,2026-04-20 08:39:41,2026-04-20 09:14:41,00:35:00
6F092,IndiGo,MAA,BLR,2026-04-20 08:39:41,2026-04-20 09:15:41,00:36:00
AI208,Air India,BLR,BOM,2026-04-20 08:38:41,2026-04-20 11:52:41,03:14:00
SJ227,SpiceJet,BOM,CCU,2026-04-20 08:32:41,2026-04-20 12:53:41,04:21:00
6F238,IndiGo,BOM,DEL,2026-04-20 08:31:41,2026-04-20 09:19:41,00:48:00
AI084,Air India,BOM,HYD,2026-04-20 08:31:41,2026-04-20 09:46:41,01:15:00
SJ228,SpiceJet,BOM,CCU,2026-04-20 08:29:41,2026-04-20 12:16:41,03:47:00
UK194,Vistara,CCU,BOM,2026-04-20 08:26:41,2026-04-20 09:26:42,01:00:00.297000
6F126,IndiGo,CCU,MAA,2026-04-20 08:21:41,2026-04-20 09:39:41,01:18:00
SJ052,SpiceJet,MAA,BLR,2026-04-20 08:20:41,2026-04-20 09:57:41,01:37:00
AI233,Air India,BLR,BOM,2026-04-20 08:04:41,2026-04-20 09:52:41,01:48:00
AI213,Air India,HYD,CCU,2026-04-20 08:03:41,2026-04-20 09:14:41,01:11:00
UK076,Vistara,MAA,CCU,2026-04-20 08:03:41,2026-04-20 12:26:41,04:23:00
SJ022,SpiceJet,DEL,BLR,2026-04-20 07:56:41,2026-04-20 11:07:41,03:11:00
SJ002,SpiceJet,DEL,BOM,2026-04-20 07:54:41,2026-04-20 12:40:41,04:46:00
AI163,Air India,HYD,MAA,2026-04-20 07:45:41,2026-04-20 08:46:41,01:01:00
UK229,Vistara,HYD,DEL,2026-04-20 07:40:41,2026-04-20 11:57:41,04:17:00
UK185,Vistara,DEL,MAA,2026-04-20 07:31:41,2026-04-20 08:48:41,01:17:00
6F029,IndiGo,BOM,BLR,2026-04-20 07:31:41,2026-04-20 11:45:41,04:14:00
6F056,IndiGo,BOM,MAA,2026-04-20 07:00:41,2026-04-20 08:49:41,01:49:00
AI062,Air India,MAA,DEL,2026-04-20 06:49:41,2026-04-20 07:25:41,00:36:00
UK034,Vistara,DEL,BLR,2026-04-20 06:47:41,2026-04-20 10:11:41,03:24:00
UK079,Vistara,DEL,BLR,2026-04-20 06:43:41,2026-04-20 10:34:41,03:51:00
AI135,Air India,BLR,BOM,2026-04-20 06:40:41,2026-04-20 09:21:41,02:41:00
SJ061,SpiceJet,MAA,BLR,2026-04-20 06:38:41,2026-04-20 09:35:41,02:57:00
AI047,Air India,CCU,MAA,2026-04-20 06:36:41,2026-04-20 07:23:41,00:47:00
UK210,Vistara,DEL,CCU,2026-04-20 06:35:41,2026-04-20 07:30:41,00:55:00
AI088,Air India,MAA,DEL,2026-04-20 06:34:41,2026-04-20 10:10:41,03:36:00
UK177,Vistara,DEL,HYD,2026-04-20 06:21:41,2026-04-20 10:50:41,04:29:00
AI128,Air India,BOM,CCU,2026-04-20 06:07:41,2026-04-20 10:03:41,03:56:00
AI158,Air India,CCU,DEL,2026-04-20 06:04:41,2026-04-20 09:01:41,02:57:00
UK206,Vistara,MAA,BLR,2026-04-20 06:01:41,2026-04-20 10:34:41,04:33:00
SJ138,SpiceJet,BLR,BOM,2026-04-20 05:55:41,2026-04-20 06:43:41,00:48:00
AI034,Air India,DEL,BOM,2026-04-20 05:48:41,2026-04-20 10:31:41,04:43:00
AI012,Air India,BOM,CCU,2026-04-20 05:44:41,2026-04-20 09:47:41,04:03:00
6F083,IndiGo,BLR,DEL,2026-04-20 05:24:41,2026-04-20 06:03:41,00:39:00
SJ083,SpiceJet,MAA,BLR,2026-04-20 05:13:41,2026-04-20 08:17:41,03:04:00
SJ186,SpiceJet,CCU,DEL,2026-04-20 05:11:41,2026-04-20 07:22:41,02:11:00
UK001,Vistara,CCU,DEL,2026-04-20 05:06:41,2026-04-20 06:31:41,01:25:00
AI217,Air India,CCU,BLR,2026-04-20 04:57:41,2026-04-20 07:14:41,02:17:00
6F178,IndiGo,BOM,CCU,2026-04-20 04:48:41,2026-04-20 09:11:41,04:23:00
UK015,Vistara,BLR,BOM,2026-04-20 04:46:41,2026-04-20 06:33:41,01:47:00
AI112,Air India,DEL,BLR,2026-04-20 04:41:41,2026-04-20 08:24:41,03:43:00
UK100,Vistara,CCU,BLR,2026-04-20 04:40:41,2026-04-20 07:12:41,02:32:00
6F133,IndiGo,MAA,BLR,2026-04-20 04:38:41,2026-04-20 06:25:41,01:47:00
AI227,Air India,BLR,MAA,2026-04-20 04:31:41,2026-04-20 08:17:41,03:46:00
UK093,Vistara,HYD,CCU,2026-04-20 04:31:41,2026-04-20 05:21:41,00:50:00
UK203,Vistara,BLR,HYD,2026-04-20 04:12:41,2026-04-20 05:24:41,01:12:00
UK154,Vistara,MAA,HYD,2026-04-20 04:00:41,2026-04-20 07:57:41,03:57:00
UK073,Vistara,BLR,CCU,2026-04-20 03:59:41,2026-04-20 08:09:41,04:10:00
AI164,Air India,DEL,BLR,2026-04-20 03:57:41,2026-04-20 05:45:41,01:48:00
UK008,Vistara,CCU,BLR,2026-04-20 03:57:41,2026-04-20 04:34:41,00:37:00
UK051,Vistara,HYD,DEL,2026-04-20 03:55:41,2026-04-20 06:55:41,03:00:00
UK208,Vistara,DEL,CCU,2026-04-20 03:54:41,2026-04-20 08:51:41,04:57:00
AI150,Air India,BOM,DEL,2026-04-20 03:51:41,2026-04-20 04:38:41,00:47:00
AI189,Air India,CCU,DEL,2026-04-20 03:44:41,2026-04-20 05:32:41,01:48:00
6F230,IndiGo,CCU,BLR,2026-04-20 03:34:41,2026-04-20 06:47:41,03:13:00
6F169,IndiGo,BOM,DEL,2026-04-20 03:27:41,2026-04-20 08:06:41,04:39:00
AI205,Air India,BLR,BOM,2026-04-20 03:26:41,2026-04-20 05:14:41,01:48:00
AI103,Air India,BLR,BOM,2026-04-20 03:26:41,2026-04-20 04:04:41,00:38:00
6F250,IndiGo,DEL,BLR,2026-04-20 03:26:41,2026-04-20 07:30:41,04:04:00
AI246,Air India,BOM,BLR,2026-04-20 03:22:41,2026-04-20 06:41:41,03:19:00
6F187,IndiGo,BOM,MAA,2026-04-20 03:19:41,2026-04-20 07:37:41,04:18:00
AI082,Air India,DEL,CCU,2026-04-20 03:19:41,2026-04-20 06:01:41,02:42:00
UK116,Vistara,CCU,BOM,2026-04-20 03:18:41,2026-04-20 07:06:41,03:48:00
SJ169,SpiceJet,BOM,MAA,2026-04-20 03:10:41,2026-04-20 07:56:41,04:46:00
AI175,Air India,BOM,HYD,2026-04-20 03:08:41,2026-04-20 06:55:41,03:47:00
SJ098,SpiceJet,HYD,MAA,2026-04-20 03:02:41,2026-04-20 03:37:41,00:35:00
SJ191,SpiceJet,BLR,BOM,2026-04-20 03:01:41,2026-04-20 04:23:41,01:22:00
SJ017,SpiceJet,DEL,MAA,2026-04-20 02:57:41,2026-04-20 05:00:41,02:03:00
UK188,Vistara,MAA,BLR,2026-04-20 02:55:41,2026-04-20 03:44:41,00:49:00
AI196,Air India,MAA,HYD,2026-04-20 02:52:41,2026-04-20 04:25:41,01:33:00
AI068,Air India,BOM,BLR,2026-04-20 02:48:41,2026-04-20 04:48:42,02:00:00.298000
SJ097,SpiceJet,BOM,CCU,2026-04-20 02:37:41,2026-04-20 05:27:41,02:50:00
SJ030,SpiceJet,DEL,HYD,2026-04-20 02:36:41,2026-04-20 03:19:41,00:43:00
6F179,IndiGo,HYD,MAA,2026-04-20 02:25:41,2026-04-20 06:40:41,04:15:00
6F156,IndiGo,MAA,BOM,2026-04-20 02:23:41,2026-04-20 04:57:41,02:34:00
SJ057,SpiceJet,BOM,CCU,2026-04-20 02:17:41,2026-04-20 05:29:41,03:12:00
6F036,IndiGo,CCU,BLR,2026-04-20 02:14:41,2026-04-20 06:57:41,04:43:00
6F201,IndiGo,CCU,BOM,2026-04-20 02:09:41,2026-04-20 06:49:41,04:40:00
6F143,IndiGo,CCU,DEL,2026-04-20 02:09:41,2026-04-20 06:08:41,03:59:00
6F177,IndiGo,HYD,MAA,2026-04-20 02:03:41,2026-04-20 04:25:41,02:22:00
6F031,IndiGo,BOM,BLR,2026-04-20 02:00:41,2026-04-20 06:37:41,04:37:00
UK165,Vistara,DEL,BLR,2026-04-20 01:51:41,2026-04-20 06:04:41,04:13:00
6F122,IndiGo,DEL,BLR,2026-04-20 01:44:41,2026-04-20 05:28:41,03:44:00
AI009,Air India,DEL,CCU,2026-04-20 01:31:41,2026-04-20 04:05:41,02:34:00
6F046,IndiGo,DEL,BLR,2026-04-20 01:27:41,2026-04-20 05:08:41,03:41:00
AI051,Air India,MAA,BLR,2026-04-20 01:27:41,2026-04-20 02:22:41,00:55:00
UK222,Vistara,BOM,CCU,2026-04-20 01:22:41,2026-04-20 02:57:41,01:35:00
SJ127,SpiceJet,BOM,DEL,2026-04-20 01:21:41,2026-04-20 03:58:41,02:37:00
AI226,Air India,BLR,HYD,2026-04-20 01:19:41,2026-04-20 04:08:41,02:49:00
AI216,Air India,BOM,CCU,2026-04-20 01:10:41,2026-04-20 02:34:41,01:24:00
6F058,IndiGo,BOM,CCU,2026-04-20 01:04:41,2026-04-20 03:33:41,02:29:00
SJ207,SpiceJet,DEL,CCU,2026-04-20 00:52:41,2026-04-20 04:05:41,03:13:00
SJ198,SpiceJet,CCU,BOM,2026-04-20 00:47:41,2026-04-20 05:28:41,04:41:00
SJ108,SpiceJet,BLR,HYD,2026-04-20 00:40:41,2026-04-20 03:16:41,02:36:00
SJ155,SpiceJet,DEL,CCU,2026-04-20 00:38:41,2026-04-20 05:38:41,05:00:00
6F193,IndiGo,BOM,MAA,2026-04-20 00:34:41,2026-04-20 02:32:41,01:58:00
6F019,IndiGo,BLR,BOM,2026-04-20 00:19:41,2026-04-20 04:14:41,03:55:00
AI102,Air India,CCU,BLR,2026-04-20 00:17:41,2026-04-20 05:08:41,04:51:00
6F166,IndiGo,BOM,CCU,2026-04-20 00:03:41,2026-04-20 04:33:41,04:30:00
UK175,Vistara,BLR,BOM,2026-04-19 23:56:41,2026-04-20 03:18:41,03:22:00
6F010,IndiGo,DEL,BLR,2026-04-19 23:53:41,2026-04-20 03:44:41,03:51:00
AI234,Air India,BOM,MAA,2026-04-19 23:50:41,2026-04-20 01:34:41,01:44:00
UK135,Vistara,HYD,DEL,2026-04-19 23:50:41,2026-04-20 01:43:41,01:53:00
6F272,IndiGo,HYD,MAA,2026-04-19 23:35:41,2026-04-20 00:22:41,00:47:00
AI061,Air India,BOM,CCU,2026-04-19 23:31:41,2026-04-20 01:02:41,01:31:00
6F070,IndiGo,HYD,DEL,2026-04-19 23:23:41,2026-04-20 02:24:41,03:01:00
AI015,Air India,BLR,CCU,2026-04-19 23:21:41,2026-04-20 01:15:41,01:54:00
SJ076,SpiceJet,DEL,MAA,2026-04-19 23:01:41,2026-04-20 02:02:41,03:01:00
SJ029,SpiceJet,HYD,DEL,2026-04-19 22:55:41,2026-04-20 00:22:41,01:27:00
SJ194,SpiceJet,CCU,DEL,2026-04-19 22:46:41,2026-04-20 02:31:41,03:45:00
AI235,Air India,BLR,HYD,2026-04-19 22:45:41,2026-04-20 02:12:41,03:27:00
SJ048,SpiceJet,MAA,BLR,2026-04-19 22:43:41,2026-04-20 00:19:41,01:36:00
SJ114,SpiceJet,HYD,DEL,2026-04-19 22:42:41,2026-04-20 02:02:41,03:20:00
SJ146,SpiceJet,HYD,BLR,2026-04-19 22:37:41,2026-04-20 00:33:41,01:56:00
UK041,Vistara,HYD,MAA,2026-04-19 22:37:41,2026-04-19 23:44:41,01:07:00
6F075,IndiGo,BOM,CCU,2026-04-19 22:20:41,2026-04-20 03:02:41,04:42:00
SJ020,SpiceJet,BLR,BOM,2026-04-19 22:18:41,2026-04-20 02:27:41,04:09:00
SJ099,SpiceJet,MAA,BLR,2026-04-19 22:14:41,2026-04-20 00:34:41,02:20:00
6F078,IndiGo,BOM,CCU,2026-04-19 22:04:41,2026-04-19 23:37:41,01:33:00
UK219,Vistara,BOM,HYD,2026-04-19 22:03:41,2026-04-20 02:21:41,04:18:00
UK223,Vistara,CCU,DEL,2026-04-19 21:58:41,2026-04-19 22:30:41,00:32:00
UK227,Vistara,BOM,HYD,2026-04-19 21:57:41,2026-04-20 01:47:41,03:50:00
6F260,IndiGo,CCU,DEL,2026-04-19 21:51:41,2026-04-20 01:14:41,03:23:00
AI096,Air India,CCU,DEL,2026-04-19 21:48:41,2026-04-20 02:46:41,04:58:00
6F022,IndiGo,MAA,BLR,2026-04-19 21:46:41,2026-04-20 02:05:41,04:19:00
6F237,IndiGo,HYD,MAA,2026-04-19 21:41:41,2026-04-20 00:44:41,03:03:00
UK146,Vistara,BOM,MAA,2026-04-19 21:40:41,2026-04-20 00:08:41,02:28:00
SJ015,SpiceJet,BOM,CCU,2026-04-19 21:40:41,2026-04-19 22:52:41,01:12:00
AI108,Air India,BLR,CCU,2026-04-19 21:32:41,2026-04-20 00:17:41,02:45:00
UK020,Vistara,MAA,BLR,2026-04-19 21:23:41,2026-04-19 22:38:41,01:15:00
6F113,IndiGo,BOM,CCU,2026-04-19 21:04:41,2026-04-20 01:30:41,04:26:00
6F112,IndiGo,HYD,DEL,2026-04-19 21:00:41,2026-04-19 23:16:41,02:16:00
6F246,IndiGo,HYD,DEL,2026-04-19 21:00:41,2026-04-19 23:16:41,02:16:00
UK158,Vistara,BOM,MAA,2026-04-19 20:49:41,2026-04-19 21:22:41,00:33:00
UK159,Vistara,CCU,BLR,2026-04-19 20:45:41,2026-04-19 23:32:41,02:47:00
UK084,Vistara,MAA,DEL,2026-04-19 20:44:41,2026-04-20 00:20:41,03:36:00
SJ206,SpiceJet,DEL,CCU,2026-04-19 20:43:41,2026-04-20 01:21:41,04:38:00
UK044,Vistara,BLR,BOM,2026-04-19 20:31:41,2026-04-19 23:29:41,02:58:00
SJ036,SpiceJet,DEL,HYD,2026-04-19 20:24:41,2026-04-19 23:54:41,03:30:00
6F176,IndiGo,CCU,DEL,2026-04-19 20:23:42,2026-04-19 23:23:42,03:00:00
6F148,IndiGo,CCU,BOM,2026-04-19 20:23:41,2026-04-19 22:30:41,02:07:00
6F202,IndiGo,HYD,BLR,2026-04-19 20:18:41,2026-04-19 23:48:41,03:30:00
6F071,IndiGo,DEL,CCU,2026-04-19 20:18:41,2026-04-20 00:31:41,04:13:00
AI105,Air India,CCU,DEL,2026-04-19 20:16:41,2026-04-19 22:03:41,01:47:00
AI241,Air India,HYD,BLR,2026-04-19 20:11:41,2026-04-19 22:18:41,02:07:00
SJ162,SpiceJet,DEL,HYD,2026-04-19 20:11:41,2026-04-19 22:30:41,02:19:00
6F003,IndiGo,HYD,BOM,2026-04-19 20:06:41,2026-04-19 23:13:41,03:07:00
6F249,IndiGo,HYD,BOM,2026-04-19 20:06:41,2026-04-19 23:13:41,03:07:00
AI237,Air India,BOM,CCU,2026-04-19 19:58:41,2026-04-19 23:13:41,03:15:00
SJ134,SpiceJet,BOM,CCU,2026-04-19 19:58:41,2026-04-20 00:15:41,04:17:00
AI071,Air India,BOM,MAA,2026-04-19 19:55:41,2026-04-19 22:58:41,03:03:00
6F118,IndiGo,CCU,HYD,2026-04-19 19:52:41,2026-04-19 21:01:41,01:09:00
6F014,IndiGo,DEL,MAA,2026-04-19 19:42:41,2026-04-19 23:15:41,03:33:00
6F065,IndiGo,MAA,BLR,2026-04-19 19:40:41,2026-04-19 22:23:41,02:43:00
6F271,IndiGo,HYD,MAA,2026-04-19 19:33:41,2026-04-19 22:52:41,03:19:00
SJ070,SpiceJet,MAA,CCU,2026-04-19 18:55:41,2026-04-19 20:48:41,01:53:00
6F007,IndiGo,HYD,MAA,2026-04-19 18:55:41,2026-04-19 19:54:41,00:59:00
UK007,Vistara,DEL,HYD,2026-04-19 18:50:41,2026-04-19 21:04:41,02:14:00
SJ192,SpiceJet,HYD,BOM,2026-04-19 18:45:42,2026-04-19 23:45:42,1899-12-29 05:00:00
AI097,Air India,HYD,MAA,2026-04-19 18:42:41,2026-04-19 23:34:41,04:52:00
6F256,IndiGo,BOM,CCU,2026-04-19 18:40:41,2026-04-19 19:13:41,00:33:00
UK047,Vistara,BLR,HYD,2026-04-19 18:40:41,2026-04-19 22:45:41,04:05:00
AI024,Air India,MAA,BOM,2026-04-19 18:38:41,2026-04-19 19:45:41,01:07:00
UK113,Vistara,CCU,DEL,2026-04-19 18:34:41,2026-04-19 22:58:41,04:24:00
SJ163,SpiceJet,DEL,HYD,2026-04-19 18:32:41,2026-04-19 23:08:41,04:36:00
SJ208,SpiceJet,DEL,HYD,2026-04-19 18:32:41,2026-04-19 19:33:41,01:01:00
SJ221,SpiceJet,MAA,HYD,2026-04-19 18:31:41,2026-04-19 23:17:41,04:46:00
SJ084,SpiceJet,HYD,MAA,2026-04-19 18:31:41,2026-04-19 19:30:41,00:59:00
6F127,IndiGo,HYD,BOM,2026-04-19 18:27:41,2026-04-19 22:28:41,04:01:00
AI122,Air India,BOM,CCU,2026-04-19 18:25:41,2026-04-19 22:36:41,04:11:00
AI139,Air India,HYD,MAA,2026-04-19 18:23:41,2026-04-19 19:24:41,01:01:00
UK149,Vistara,MAA,DEL,2026-04-19 18:22:41,2026-04-19 23:08:41,04:46:00
AI149,Air India,BOM,HYD,2026-04-19 18:19:41,2026-04-19 21:36:41,03:17:00
SJ243,SpiceJet,BLR,DEL,2026-04-19 18:17:41,2026-04-19 23:03:41,04:46:00
AI053,Air India,CCU,DEL,2026-04-19 18:04:41,2026-04-19 22:19:41,04:15:00
UK061,Vistara,BLR,BOM,2026-04-19 17:58:41,2026-04-19 19:48:41,01:50:00
SJ004,SpiceJet,MAA,DEL,2026-04-19 17:52:41,2026-04-19 21:01:41,03:09:00
AI173,Air India,HYD,DEL,2026-04-19 17:36:41,2026-04-19 22:27:41,04:51:00
6F085,IndiGo,HYD,MAA,2026-04-19 17:32:41,2026-04-19 19:32:42,02:00:00.298000
AI252,Air India,HYD,DEL,2026-04-19 17:30:41,2026-04-19 21:54:41,04:24:00
SJ109,SpiceJet,BOM,DEL,2026-04-19 17:24:41,2026-04-19 20:28:41,03:04:00
UK123,Vistara,BOM,DEL,2026-04-19 17:24:41,2026-04-19 20:18:41,02:54:00
6F125,IndiGo,BOM,CCU,2026-04-19 17:09:41,2026-04-19 21:13:41,04:04:00
UK183,Vistara,BLR,CCU,2026-04-19 17:07:41,2026-04-19 18:30:41,01:23:00
AI110,Air India,BOM,CCU,2026-04-19 17:07:41,2026-04-19 22:00:41,04:53:00
UK105,Vistara,CCU,HYD,2026-04-19 17:04:41,2026-04-19 18:11:41,01:07:00
6F128,IndiGo,HYD,DEL,2026-04-19 16:56:41,2026-04-19 18:03:41,01:07:00
6F224,IndiGo,DEL,MAA,2026-04-19 16:53:41,2026-04-19 18:52:41,01:59:00
SJ130,SpiceJet,BOM,DEL,2026-04-19 16:53:41,2026-04-19 20:53:41,04:00:00
AI224,Air India,DEL,HYD,2026-04-19 16:51:41,2026-04-19 21:36:41,04:45:00
SJ182,SpiceJet,CCU,BOM,2026-04-19 16:48:41,2026-04-19 17:36:41,00:48:00
UK164,Vistara,BOM,HYD,2026-04-19 16:46:41,2026-04-19 21:10:41,04:24:00
AI161,Air India,CCU,BOM,2026-04-19 16:40:41,2026-04-19 19:40:41,03:00:00
6F206,IndiGo,DEL,BOM,2026-04-19 16:39:41,2026-04-19 20:59:41,04:20:00
SJ204,SpiceJet,CCU,DEL,2026-04-19 16:34:41,2026-04-19 18:15:41,01:41:00
AI206,Air India,CCU,MAA,2026-04-19 16:30:41,2026-04-19 20:01:41,03:31:00
6F140,IndiGo,CCU,HYD,2026-04-19 16:30:41,2026-04-19 18:21:41,01:51:00
6F253,IndiGo,MAA,BLR,2026-04-19 16:26:41,2026-04-19 18:24:41,01:58:00
SJ203,SpiceJet,DEL,HYD,2026-04-19 16:22:41,2026-04-19 18:27:41,02:05:00
SJ161,SpiceJet,MAA,BLR,2026-04-19 16:22:41,2026-04-19 17:04:41,00:42:00
AI098,Air India,HYD,MAA,2026-04-19 16:01:41,2026-04-19 18:11:41,02:10:00
AI168,Air India,DEL,CCU,2026-04-19 15:50:41,2026-04-19 20:20:41,04:30:00
UK190,Vistara,DEL,BLR,2026-04-19 15:49:41,2026-04-19 18:53:41,03:04:00
AI085,Air India,DEL,HYD,2026-04-19 15:45:41,2026-04-19 20:33:41,04:48:00
AI076,Air India,BLR,BOM,2026-04-19 15:37:41,2026-04-19 16:12:41,00:35:00
UK130,Vistara,MAA,BLR,2026-04-19 15:36:41,2026-04-19 19:43:41,04:07:00
6F038,IndiGo,HYD,MAA,2026-04-19 15:36:41,2026-04-19 19:33:41,03:57:00
UK110,Vistara,HYD,DEL,2026-04-19 15:26:41,2026-04-19 20:13:41,04:47:00
SJ013,SpiceJet,DEL,MAA,2026-04-19 15:25:41,2026-04-19 19:54:41,04:29:00
AI039,Air India,MAA,BLR,2026-04-19 15:24:41,2026-04-19 18:56:41,03:32:00
AI248,Air India,CCU,DEL,2026-04-19 15:17:41,2026-04-19 16:35:41,01:18:00
6F199,IndiGo,DEL,MAA,2026-04-19 15:15:41,2026-04-19 17:32:41,02:17:00
AI225,Air India,BOM,BLR,2026-04-19 15:05:41,2026-04-19 16:01:41,00:56:00
SJ028,SpiceJet,CCU,BOM,2026-04-19 15:04:41,2026-04-19 19:32:41,04:28:00
SJ012,SpiceJet,HYD,BLR,2026-04-19 15:01:41,2026-04-19 16:12:41,01:11:00
SJ131,SpiceJet,MAA,HYD,2026-04-19 15:00:41,2026-04-19 16:07:41,01:07:00
AI010,Air India,BOM,HYD,2026-04-19 15:00:41,2026-04-19 19:48:41,04:48:00
6F020,IndiGo,BOM,HYD,2026-04-19 14:58:41,2026-04-19 16:43:41,01:45:00
SJ038,SpiceJet,BLR,DEL,2026-04-19 14:57:41,2026-04-19 17:46:41,02:49:00
UK204,Vistara,BLR,DEL,2026-04-19 14:46:41,2026-04-19 16:24:41,01:38:00
AI036,Air India,BOM,CCU,2026-04-19 14:45:41,2026-04-19 16:16:41,01:31:00
AI100,Air India,CCU,BOM,2026-04-19 14:42:41,2026-04-19 18:22:41,03:40:00
SJ215,SpiceJet,CCU,DEL,2026-04-19 14:37:41,2026-04-19 16:12:41,01:35:00
UK155,Vistara,MAA,HYD,2026-04-19 14:34:41,2026-04-19 18:37:41,04:03:00
SJ173,SpiceJet,CCU,HYD,2026-04-19 14:27:41,2026-04-19 16:09:41,01:42:00
UK179,Vistara,DEL,HYD,2026-04-19 14:25:41,2026-04-19 19:15:41,04:50:00
UK221,Vistara,CCU,DEL,2026-04-19 14:18:41,2026-04-19 18:44:41,04:26:00
UK023,Vistara,DEL,MAA,2026-04-19 14:15:41,2026-04-19 19:03:41,04:48:00
SJ107,SpiceJet,BOM,MAA,2026-04-19 14:10:41,2026-04-19 18:38:41,04:28:00
AI073,Air India,BOM,BLR,2026-04-19 14:08:41,2026-04-19 16:10:41,02:02:00
SJ187,SpiceJet,MAA,BLR,2026-04-19 14:07:41,2026-04-19 17:30:41,03:23:00
UK058,Vistara,MAA,BOM,2026-04-19 13:46:41,2026-04-19 17:04:41,03:18:00
SJ063,SpiceJet,MAA,BOM,2026-04-19 13:38:41,2026-04-19 15:23:41,01:45:00
SJ062,SpiceJet,BLR,HYD,2026-04-19 13:37:41,2026-04-19 17:06:41,03:29:00
UK048,Vistara,MAA,DEL,2026-04-19 13:36:41,2026-04-19 18:21:41,04:45:00
AI181,Air India,MAA,HYD,2026-04-19 13:29:41,2026-04-19 16:55:41,03:26:00
AI003,Air India,BLR,HYD,2026-04-19 13:27:41,2026-04-19 16:55:41,03:28:00
6F041,IndiGo,MAA,BOM,2026-04-19 13:19:41,2026-04-19 16:48:41,03:29:00
6F175,IndiGo,MAA,CCU,2026-04-19 13:18:41,2026-04-19 15:13:41,01:55:00
6F013,IndiGo,BOM,CCU,2026-04-19 13:15:41,2026-04-19 18:05:41,04:50:00
SJ040,SpiceJet,BOM,CCU,2026-04-19 13:12:41,2026-04-19 16:44:41,03:32:00
SJ016,SpiceJet,HYD,CCU,2026-04-19 13:01:41,2026-04-19 16:26:41,03:25:00
6F135,IndiGo,MAA,HYD,2026-04-19 12:59:41,2026-04-19 13:45:41,00:46:00
6F150,IndiGo,HYD,MAA,2026-04-19 12:55:41,2026-04-19 16:53:41,03:58:00
AI083,Air India,DEL,BOM,2026-04-19 12:54:41,2026-04-19 13:37:41,00:43:00
SJ166,SpiceJet,CCU,HYD,2026-04-19 12:51:41,2026-04-19 16:18:41,03:27:00
SJ027,SpiceJet,BOM,MAA,2026-04-19 12:50:41,2026-04-19 17:13:41,04:23:00
6F134,IndiGo,BLR,MAA,2026-04-19 12:47:41,2026-04-19 14:06:41,01:19:00
UK225,Vistara,MAA,BLR,2026-04-19 12:46:41,2026-04-19 15:02:41,02:16:00
SJ175,SpiceJet,MAA,BLR,2026-04-19 12:46:41,2026-04-19 16:50:41,04:04:00
AI182,Air India,HYD,DEL,2026-04-19 12:41:41,2026-04-19 17:14:41,04:33:00
AI190,Air India,BOM,CCU,2026-04-19 12:38:41,2026-04-19 15:56:41,03:18:00
AI120,Air India,MAA,CCU,2026-04-19 12:12:41,2026-04-19 14:18:41,02:06:00
6F132,IndiGo,MAA,BOM,2026-04-19 12:00:41,2026-04-19 13:00:42,01:00:00.298000
UK102,Vistara,HYD,CCU,2026-04-19 11:58:41,2026-04-19 14:01:41,02:03:00
AI045,Air India,HYD,MAA,2026-04-19 11:58:41,2026-04-19 14:37:41,02:39:00
UK136,Vistara,HYD,CCU,2026-04-19 11:43:41,2026-04-19 15:26:41,03:43:00
SJ238,SpiceJet,MAA,BLR,2026-04-19 11:41:41,2026-04-19 15:39:41,03:58:00
AI193,Air India,MAA,HYD,2026-04-19 11:33:41,2026-04-19 16:07:41,04:34:00
6F001,IndiGo,HYD,BOM,2026-04-19 11:33:41,2026-04-19 13:08:41,01:35:00
6F211,IndiGo,MAA,BLR,2026-04-19 11:29:41,2026-04-19 16:20:41,04:51:00
SJ199,SpiceJet,HYD,BOM,2026-04-19 11:29:41,2026-04-19 13:59:41,02:30:00
SJ050,SpiceJet,HYD,CCU,2026-04-19 11:24:41,2026-04-19 12:03:41,00:39:00
UK115,Vistara,BLR,BOM,2026-04-19 11:20:41,2026-04-19 13:20:42,02:00:00.298000
AI037,Air India,BOM,BLR,2026-04-19 11:14:41,2026-04-19 15:13:41,03:59:00
6F235,IndiGo,HYD,MAA,2026-04-19 11:06:41,2026-04-19 13:51:41,02:45:00
UK111,Vistara,MAA,BLR,2026-04-19 11:06:41,2026-04-19 12:20:41,01:14:00
6F005,IndiGo,BOM,MAA,2026-04-19 11:04:41,2026-04-19 15:27:41,04:23:00
AI198,Air India,CCU,MAA,2026-04-19 10:56:41,2026-04-19 14:19:41,03:23:00
UK184,Vistara,MAA,HYD,2026-04-19 10:49:41,2026-04-19 13:00:41,02:11:00
6F219,IndiGo,MAA,DEL,2026-04-19 10:32:41,2026-04-19 14:37:41,04:05:00
UK066,Vistara,BOM,CCU,2026-04-19 10:29:41,2026-04-19 12:07:41,01:38:00
6F220,IndiGo,HYD,BOM,2026-04-19 10:27:41,2026-04-19 11:25:41,00:58:00
AI180,Air India,BOM,CCU,2026-04-19 10:19:41,2026-04-19 11:00:41,00:41:00
6F098,IndiGo,BLR,MAA,2026-04-19 10:18:41,2026-04-19 12:49:41,02:31:00
AI141,Air India,BLR,DEL,2026-04-19 10:16:41,2026-04-19 14:53:41,04:37:00
SJ170,SpiceJet,BLR,BOM,2026-04-19 10:11:41,2026-04-19 11:56:41,01:45:00
SJ178,SpiceJet,BOM,HYD,2026-04-19 09:58:41,2026-04-19 12:27:41,02:29:00
6F172,IndiGo,BOM,BLR,2026-04-19 09:53:41,2026-04-19 14:46:41,04:53:00
UK220,Vistara,BLR,BOM,2026-04-19 09:51:41,2026-04-19 13:25:41,03:34:00
SJ148,SpiceJet,DEL,BLR,2026-04-19 09:51:41,2026-04-19 13:41:41,03:50:00
UK065,Vistara,BOM,CCU,2026-04-19 09:38:41,2026-04-19 13:46:41,04:08:00
6F243,IndiGo,BOM,HYD,2026-04-19 09:37:41,2026-04-19 10:33:41,00:56:00
SJ193,SpiceJet,CCU,DEL,2026-04-19 09:37:41,2026-04-19 12:16:41,02:39:00
UK056,Vistara,HYD,MAA,2026-04-19 09:29:41,2026-04-19 10:15:41,00:46:00
AI219,Air India,BLR,DEL,2026-04-19 09:28:41,2026-04-19 11:27:41,01:59:00
SJ073,SpiceJet,CCU,BLR,2026-04-19 09:26:41,2026-04-19 11:14:41,01:48:00
6F052,IndiGo,BOM,CCU,2026-04-19 09:13:41,2026-04-19 12:02:41,02:49:00
SJ201,SpiceJet,BLR,DEL,2026-04-19 09:10:41,2026-04-19 11:12:41,02:02:00
UK028,Vistara,HYD,MAA,2026-04-19 09:02:41,2026-04-19 10:37:41,01:35:00
SJ119,SpiceJet,BOM,CCU,2026-04-19 08:53:41,2026-04-19 11:29:41,02:36:00
AI165,Air India,DEL,CCU,2026-04-19 08:51:41,2026-04-19 10:31:41,01:40:00
AI255,Air India,MAA,CCU,2026-04-19 08:45:41,2026-04-19 13:12:41,04:27:00
AI202,Air India,HYD,BLR,2026-04-19 08:44:41,2026-04-19 10:53:41,02:09:00
SJ039,SpiceJet,MAA,BOM,2026-04-19 08:41:41,2026-04-19 12:08:41,03:27:00
SJ051,SpiceJet,BOM,BLR,2026-04-19 08:40:41,2026-04-19 12:18:41,03:38:00
UK024,Vistara,MAA,BLR,2026-04-19 08:29:41,2026-04-19 13:29:41,05:00:00
SJ006,SpiceJet,HYD,BLR,2026-04-19 08:25:41,2026-04-19 08:57:41,00:32:00
AI207,Air India,BOM,MAA,2026-04-19 08:24:41,2026-04-19 11:23:41,02:59:00
SJ168,SpiceJet,CCU,BOM,2026-04-19 08:17:41,2026-04-19 12:29:41,04:12:00
AI028,Air India,HYD,BOM,2026-04-19 07:53:41,2026-04-19 08:35:41,00:42:00
6F094,IndiGo,BLR,BOM,2026-04-19 07:37:41,2026-04-19 09:06:41,01:29:00
6F024,IndiGo,BOM,DEL,2026-04-19 07:31:41,2026-04-19 11:17:41,03:46:00
6F061,IndiGo,MAA,BOM,2026-04-19 07:28:41,2026-04-19 08:09:41,00:41:00
AI032,Air India,MAA,BLR,2026-04-19 07:26:41,2026-04-19 09:26:42,02:00:00.299000
UK163,Vistara,DEL,HYD,2026-04-19 07:22:41,2026-04-19 09:04:41,01:42:00
SJ067,SpiceJet,MAA,BLR,2026-04-19 07:17:41,2026-04-19 08:16:41,00:59:00
SJ106,SpiceJet,CCU,DEL,2026-04-19 07:16:41,2026-04-19 09:40:41,02:24:00
AI086,Air India,CCU,HYD,2026-04-19 07:13:41,2026-04-19 10:09:41,02:56:00
6F263,IndiGo,DEL,HYD,2026-04-19 07:07:41,2026-04-19 08:30:41,01:23:00
6F163,IndiGo,MAA,BOM,2026-04-19 06:49:41,2026-04-19 10:46:41,03:57:00
SJ064,SpiceJet,CCU,DEL,2026-04-19 06:29:41,2026-04-19 08:43:41,02:14:00
UK118,Vistara,HYD,BLR,2026-04-19 06:22:41,2026-04-19 07:22:42,01:00:00.298000
UK022,Vistara,DEL,HYD,2026-04-19 06:22:41,2026-04-19 10:59:41,04:37:00
UK099,Vistara,BOM,MAA,2026-04-19 06:16:41,2026-04-19 10:24:41,04:08:00
6F212,IndiGo,BLR,CCU,2026-04-19 06:10:41,2026-04-19 10:52:41,04:42:00
AI023,Air India,HYD,BLR,2026-04-19 06:10:41,2026-04-19 09:35:41,03:25:00
SJ245,SpiceJet,BOM,DEL,2026-04-19 06:07:41,2026-04-19 09:39:41,03:32:00
6F066,IndiGo,BLR,HYD,2026-04-19 06:07:41,2026-04-19 07:43:41,01:36:00
AI138,Air India,DEL,CCU,2026-04-19 05:50:41,2026-04-19 06:40:41,00:50:00
SJ021,SpiceJet,HYD,BLR,2026-04-19 05:48:41,2026-04-19 09:46:41,03:58:00
SJ136,SpiceJet,HYD,BLR,2026-04-19 05:45:41,2026-04-19 08:04:41,02:19:00
AI148,Air India,HYD,MAA,2026-04-19 05:41:41,2026-04-19 08:32:41,02:51:00
SJ014,SpiceJet,BOM,HYD,2026-04-19 05:40:41,2026-04-19 06:39:41,00:59:00
6F104,IndiGo,CCU,BOM,2026-04-19 05:39:41,2026-04-19 06:14:41,00:35:00
SJ121,SpiceJet,CCU,DEL,2026-04-19 05:32:41,2026-04-19 06:47:41,01:15:00
UK174,Vistara,CCU,DEL,2026-04-19 05:27:41,2026-04-19 07:47:41,02:20:00
AI033,Air India,MAA,CCU,2026-04-19 05:25:41,2026-04-19 10:21:41,04:56:00
SJ122,SpiceJet,CCU,BOM,2026-04-19 05:22:41,2026-04-19 10:09:41,04:47:00
UK095,Vistara,BOM,MAA,2026-04-19 05:22:41,2026-04-19 07:36:41,02:14:00
SJ026,SpiceJet,CCU,MAA,2026-04-19 05:22:41,2026-04-19 09:40:41,04:18:00
6F221,IndiGo,MAA,DEL,2026-04-19 05:20:41,2026-04-19 08:52:41,03:32:00
SJ103,SpiceJet,MAA,BLR,2026-04-19 05:16:41,2026-04-19 08:56:41,03:40:00
SJ011,SpiceJet,BOM,MAA,2026-04-19 05:14:41,2026-04-19 09:59:41,04:45:00
AI002,Air India,HYD,BLR,2026-04-19 05:12:41,2026-04-19 07:12:41,02:00:00
AI046,Air India,DEL,BOM,2026-04-19 05:09:41,2026-04-19 08:00:41,02:51:00
SJ053,SpiceJet,CCU,DEL,2026-04-19 05:00:41,2026-04-19 06:38:41,01:38:00
AI236,Air India,DEL,BOM,2026-04-19 04:52:41,2026-04-19 09:11:41,04:19:00
AI254,Air India,CCU,HYD,2026-04-19 04:46:41,2026-04-19 08:06:41,03:20:00
6F063,IndiGo,DEL,HYD,2026-04-19 04:42:41,2026-04-19 07:31:41,02:49:00
6F115,IndiGo,MAA,BLR,2026-04-19 04:41:41,2026-04-19 06:23:41,01:42:00
UK070,Vistara,BOM,DEL,2026-04-19 04:36:41,2026-04-19 06:49:41,02:13:00
SJ147,SpiceJet,BLR,CCU,2026-04-19 04:30:41,2026-04-19 08:52:41,04:22:00
UK201,Vistara,HYD,BOM,2026-04-19 04:29:41,2026-04-19 06:42:41,02:13:00
SJ234,SpiceJet,BLR,CCU,2026-04-19 04:20:41,2026-04-19 06:23:41,02:03:00
AI176,Air India,BLR,DEL,2026-04-19 04:20:41,2026-04-19 06:25:41,02:05:00
SJ045,SpiceJet,DEL,MAA,2026-04-19 04:16:41,2026-04-19 09:03:41,04:47:00
SJ174,SpiceJet,CCU,DEL,2026-04-19 04:09:41,2026-04-19 05:04:41,00:55:00
AI007,Air India,MAA,DEL,2026-04-19 04:01:41,2026-04-19 06:01:42,02:00:00.299000
AI143,Air India,CCU,DEL,2026-04-19 03:58:41,2026-04-19 04:36:41,00:38:00
SJ241,SpiceJet,DEL,HYD,2026-04-19 03:57:41,2026-04-19 06:36:41,02:39:00
AI020,Air India,BOM,BLR,2026-04-19 03:53:41,2026-04-19 06:21:41,02:28:00
UK031,Vistara,CCU,DEL,2026-04-19 03:45:41,2026-04-19 07:20:41,03:35:00
AI013,Air India,HYD,BLR,2026-04-19 03:41:41,2026-04-19 04:58:41,01:17:00
AI249,Air India,BLR,HYD,2026-04-19 03:38:41,2026-04-19 06:27:41,02:49:00
UK046,Vistara,CCU,DEL,2026-04-19 03:37:41,2026-04-19 06:05:41,02:28:00
UK168,Vistara,BLR,CCU,2026-04-19 03:20:41,2026-04-19 04:09:41,00:49:00
AI022,Air India,BOM,MAA,2026-04-19 03:15:41,2026-04-19 05:10:41,01:55:00
UK218,Vistara,MAA,BLR,2026-04-19 03:12:41,2026-04-19 07:22:41,04:10:00
UK142,Vistara,BLR,DEL,2026-04-19 03:03:41,2026-04-19 07:13:41,04:10:00
6F067,IndiGo,MAA,BLR,2026-04-19 02:59:41,2026-04-19 06:02:41,03:03:00
SJ217,SpiceJet,BOM,CCU,2026-04-19 02:57:41,2026-04-19 06:04:41,03:07:00
SJ143,SpiceJet,DEL,BOM,2026-04-19 02:55:41,2026-04-19 03:52:41,00:57:00
AI243,Air India,BLR,BOM,2026-04-19 02:50:41,2026-04-19 05:09:41,02:19:00
SJ246,SpiceJet,BOM,DEL,2026-04-19 02:47:41,2026-04-19 03:47:42,01:00:00.296000
6F170,IndiGo,HYD,DEL,2026-04-19 02:44:41,2026-04-19 04:14:41,01:30:00
UK157,Vistara,CCU,BOM,2026-04-19 02:41:41,2026-04-19 03:41:42,01:00:00.297000
UK172,Vistara,DEL,BOM,2026-04-19 02:20:41,2026-04-19 05:21:41,03:01:00
SJ139,SpiceJet,DEL,BLR,2026-04-19 02:20:41,2026-04-19 06:02:41,03:42:00
UK085,Vistara,MAA,DEL,2026-04-19 02:15:41,2026-04-19 03:17:41,01:02:00
6F079,IndiGo,MAA,HYD,2026-04-19 02:14:41,2026-04-19 06:18:41,04:04:00
SJ032,SpiceJet,MAA,BOM,2026-04-19 02:11:41,2026-04-19 04:33:41,02:22:00
6F182,IndiGo,BOM,CCU,2026-04-19 02:10:41,2026-04-19 04:18:41,02:08:00
AI106,Air India,HYD,BLR,2026-04-19 02:07:41,2026-04-19 03:20:41,01:13:00
AI200,Air India,HYD,MAA,2026-04-19 02:05:41,2026-04-19 05:29:41,03:24:00
6F142,IndiGo,CCU,MAA,2026-04-19 02:05:41,2026-04-19 06:04:41,03:59:00
SJ079,SpiceJet,HYD,DEL,2026-04-19 01:58:41,2026-04-19 05:02:41,03:04:00
SJ082,SpiceJet,BOM,DEL,2026-04-19 01:54:41,2026-04-19 02:33:41,00:39:00
SJ110,SpiceJet,CCU,DEL,2026-04-19 01:47:41,2026-04-19 02:20:41,00:33:00
6F262,IndiGo,MAA,DEL,2026-04-19 01:44:41,2026-04-19 02:47:41,01:03:00
UK143,Vistara,BLR,BOM,2026-04-19 01:34:41,2026-04-19 02:48:41,01:14:00
6F269,IndiGo,HYD,MAA,2026-04-19 01:30:41,2026-04-19 02:52:41,01:22:00
6F214,IndiGo,BOM,CCU,2026-04-19 01:21:41,2026-04-19 05:20:41,03:59:00
SJ213,SpiceJet,BOM,CCU,2026-04-19 01:19:41,2026-04-19 04:48:41,03:29:00
SJ072,SpiceJet,DEL,HYD,2026-04-19 01:18:41,2026-04-19 04:08:41,02:50:00
6F059,IndiGo,BOM,DEL,2026-04-19 01:12:41,2026-04-19 06:02:41,04:50:00
UK202,Vistara,DEL,HYD,2026-04-19 01:11:41,2026-04-19 05:37:41,04:26:00
UK037,Vistara,BLR,BOM,2026-04-19 01:10:41,2026-04-19 05:12:41,04:02:00
UK069,Vistara,CCU,DEL,2026-04-19 01:10:41,2026-04-19 03:23:41,02:13:00
SJ118,SpiceJet,DEL,BOM,2026-04-19 01:08:41,2026-04-19 02:33:41,01:25:00
6F145,IndiGo,CCU,DEL,2026-04-19 01:02:41,2026-04-19 02:18:41,01:16:00
UK097,Vistara,HYD,BOM,2026-04-19 00:49:41,2026-04-19 05:00:41,04:11:00
6F117,IndiGo,CCU,DEL,2026-04-19 00:46:41,2026-04-19 01:51:41,01:05:00
6F226,IndiGo,DEL,BOM,2026-04-19 00:38:41,2026-04-19 02:55:41,02:17:00
6F050,IndiGo,DEL,BOM,2026-04-19 00:35:41,2026-04-19 04:32:41,03:57:00
UK196,Vistara,BOM,HYD,2026-04-19 00:32:41,2026-04-19 04:49:41,04:17:00
SJ086,SpiceJet,CCU,DEL,2026-04-19 00:32:41,2026-04-19 04:17:41,03:45:00
AI134,Air India,HYD,BOM,2026-04-19 00:28:41,2026-04-19 04:23:41,03:55:00
AI043,Air India,CCU,DEL,2026-04-19 00:28:41,2026-04-19 04:37:41,04:09:00
UK119,Vistara,BOM,CCU,2026-04-19 00:21:41,2026-04-19 04:38:41,04:17:00
SJ181,SpiceJet,BOM,BLR,2026-04-19 00:20:41,2026-04-19 01:49:41,01:29:00
AI070,Air India,CCU,DEL,2026-04-19 00:05:41,2026-04-19 01:44:41,01:39:00
6F233,IndiGo,BLR,BOM,2026-04-18 23:56:41,2026-04-19 03:53:41,03:57:00
UK013,Vistara,BOM,MAA,2026-04-18 23:52:41,2026-04-19 02:52:41,03:00:00
6F015,IndiGo,BOM,CCU,2026-04-18 23:39:41,2026-04-19 02:27:41,02:48:00
SJ247,SpiceJet,DEL,BOM,2026-04-18 23:38:41,2026-04-19 03:43:41,04:05:00
AI067,Air India,HYD,DEL,2026-04-18 23:36:41,2026-04-19 03:09:41,03:33:00
AI211,Air India,DEL,CCU,2026-04-18 23:34:41,2026-04-19 01:21:41,01:47:00
UK029,Vistara,DEL,BOM,2026-04-18 23:26:41,2026-04-19 02:15:41,02:49:00
SJ200,SpiceJet,BOM,DEL,2026-04-18 23:24:41,2026-04-19 02:11:41,02:47:00
6F087,IndiGo,DEL,HYD,2026-04-18 23:24:41,2026-04-19 03:10:41,03:46:00
SJ210,SpiceJet,HYD,CCU,2026-04-18 23:21:41,2026-04-19 02:54:41,03:33:00
AI101,Air India,DEL,BLR,2026-04-18 23:20:41,2026-04-19 02:23:41,03:03:00
UK075,Vistara,MAA,CCU,2026-04-18 23:15:41,2026-04-19 03:54:41,04:39:00
SJ091,SpiceJet,BLR,CCU,2026-04-18 23:10:41,2026-04-19 00:47:41,01:37:00
AI251,Air India,MAA,DEL,2026-04-18 22:40:41,2026-04-18 23:24:41,00:44:00
SJ042,SpiceJet,HYD,CCU,2026-04-18 22:38:41,2026-04-19 02:20:41,03:42:00
UK126,Vistara,CCU,DEL,2026-04-18 22:37:41,2026-04-19 00:03:41,01:26:00
6F042,IndiGo,HYD,DEL,2026-04-18 22:35:41,2026-04-19 02:41:41,04:06:00
AI116,Air India,CCU,BOM,2026-04-18 22:30:41,2026-04-19 01:57:41,03:27:00
SJ209,SpiceJet,BLR,BOM,2026-04-18 22:22:41,2026-04-19 02:03:41,03:41:00
AI123,Air India,MAA,BOM,2026-04-18 22:19:41,2026-04-19 00:45:41,02:26:00
6F016,IndiGo,HYD,BOM,2026-04-18 22:18:41,2026-04-18 22:54:41,00:36:00
UK012,Vistara,MAA,BOM,2026-04-18 22:16:41,2026-04-19 00:25:41,02:09:00
SJ188,SpiceJet,BLR,BOM,2026-04-18 22:15:41,2026-04-18 22:55:41,00:40:00
UK096,Vistara,BLR,HYD,2026-04-18 22:11:41,2026-04-19 00:06:41,01:55:00
SJ046,SpiceJet,BOM,MAA,2026-04-18 22:01:41,2026-04-19 01:25:41,03:24:00
UK081,Vistara,BLR,DEL,2026-04-18 22:00:41,2026-04-18 23:00:41,01:00:00
UK191,Vistara,MAA,BLR,2026-04-18 21:51:41,2026-04-18 22:57:41,01:06:00
6F064,IndiGo,CCU,DEL,2026-04-18 21:45:41,2026-04-18 22:50:41,01:05:00
AI005,Air India,DEL,CCU,2026-04-18 21:24:41,2026-04-18 22:11:41,00:47:00
6F021,IndiGo,BLR,MAA,2026-04-18 21:23:41,2026-04-19 01:25:41,04:02:00
AI169,Air India,CCU,DEL,2026-04-18 21:21:41,2026-04-19 01:34:41,04:13:00
UK035,Vistara,HYD,BOM,2026-04-18 21:08:41,2026-04-18 22:24:41,01:16:00
AI040,Air India,HYD,BLR,2026-04-18 21:01:41,2026-04-18 22:42:41,01:41:00
UK042,Vistara,MAA,BOM,2026-04-18 20:59:41,2026-04-19 01:38:41,04:39:00
SJ171,SpiceJet,DEL,HYD,2026-04-18 20:52:41,2026-04-18 23:52:41,03:00:00
AI250,Air India,BOM,CCU,2026-04-18 20:48:41,2026-04-19 00:12:41,03:24:00
SJ195,SpiceJet,BOM,CCU,2026-04-18 20:41:41,2026-04-18 23:54:41,03:13:00
UK211,Vistara,MAA,CCU,2026-04-18 20:39:41,2026-04-18 22:02:41,01:23:00
UK122,Vistara,HYD,CCU,2026-04-18 20:29:42,2026-04-18 23:29:42,03:00:00
AI136,Air India,BLR,DEL,2026-04-18 20:29:41,2026-04-18 23:48:41,03:19:00
6F141,IndiGo,BOM,CCU,2026-04-18 20:26:41,2026-04-18 22:28:41,02:02:00
6F053,IndiGo,DEL,HYD,2026-04-18 20:26:41,2026-04-19 00:39:41,04:13:00
6F136,IndiGo,CCU,DEL,2026-04-18 20:24:41,2026-04-18 21:01:41,00:37:00
6F009,IndiGo,BLR,CCU,2026-04-18 20:21:41,2026-04-18 23:36:41,03:15:00
6F023,IndiGo,MAA,BLR,2026-04-18 20:18:41,2026-04-19 00:14:41,03:56:00
UK006,Vistara,MAA,CCU,2026-04-18 20:16:41,2026-04-18 21:55:41,01:39:00
SJ165,SpiceJet,CCU,BOM,2026-04-18 20:08:41,2026-04-18 23:18:41,03:10:00
6F189,IndiGo,MAA,BLR,2026-04-18 20:08:41,2026-04-18 21:51:41,01:43:00
AI131,Air India,MAA,BOM,2026-04-18 19:55:41,2026-04-18 22:35:41,02:40:00
6F004,IndiGo,BOM,CCU,2026-04-18 19:53:41,2026-04-18 23:33:41,03:40:00
AI027,Air India,BOM,MAA,2026-04-18 19:41:41,2026-04-18 23:23:41,03:42:00
AI238,Air India,CCU,MAA,2026-04-18 19:25:41,2026-04-19 00:07:41,04:42:00
SJ105,SpiceJet,BOM,HYD,2026-04-18 19:22:41,2026-04-18 22:48:41,03:26:00
UK088,Vistara,MAA,BLR,2026-04-18 19:16:41,2026-04-18 23:36:41,04:20:00
6F035,IndiGo,CCU,HYD,2026-04-18 19:16:41,2026-04-18 23:40:41,04:24:00
AI133,Air India,DEL,CCU,2026-04-18 19:12:41,2026-04-18 21:32:41,02:20:00
AI001,Air India,DEL,HYD,2026-04-18 19:00:41,2026-04-18 22:03:41,03:03:00
SJ133,SpiceJet,BOM,CCU,2026-04-18 18:50:41,2026-04-18 21:29:41,02:39:00
SJ216,SpiceJet,BOM,CCU,2026-04-18 18:35:41,2026-04-18 21:31:41,02:56:00
SJ225,SpiceJet,DEL,HYD,2026-04-18 18:16:41,2026-04-18 20:53:41,02:37:00
AI147,Air India,HYD,CCU,2026-04-18 18:14:41,2026-04-18 20:10:41,01:56:00
SJ054,SpiceJet,MAA,BLR,2026-04-18 18:13:41,2026-04-18 22:46:41,04:33:00
6F197,IndiGo,BOM,BLR,2026-04-18 17:59:41,2026-04-18 22:44:41,04:45:00
SJ066,SpiceJet,HYD,CCU,2026-04-18 17:47:41,2026-04-18 19:03:41,01:16:00
SJ183,SpiceJet,CCU,DEL,2026-04-18 17:44:41,2026-04-18 19:40:41,01:56:00
SJ151,SpiceJet,BOM,CCU,2026-04-18 17:44:41,2026-04-18 19:16:41,01:32:00
SJ071,SpiceJet,CCU,MAA,2026-04-18 17:43:41,2026-04-18 19:32:41,01:49:00
SJ102,SpiceJet,MAA,CCU,2026-04-18 17:26:41,2026-04-18 18:58:41,01:32:00
AI209,Air India,BLR,CCU,2026-04-18 17:25:41,2026-04-18 18:37:41,01:12:00
6F111,IndiGo,HYD,DEL,2026-04-18 17:09:41,2026-04-18 20:02:41,02:53:00
AI050,Air India,BLR,BOM,2026-04-18 17:07:41,2026-04-18 19:42:41,02:35:00
SJ189,SpiceJet,HYD,BLR,2026-04-18 17:05:41,2026-04-18 22:01:41,04:56:00
UK112,Vistara,CCU,DEL,2026-04-18 17:05:41,2026-04-18 19:47:41,02:42:00
6F171,IndiGo,DEL,BLR,2026-04-18 17:03:41,2026-04-18 18:12:41,01:09:00
AI011,Air India,CCU,BOM,2026-04-18 16:58:41,2026-04-18 21:01:41,04:03:00
6F027,IndiGo,BLR,DEL,2026-04-18 16:52:41,2026-04-18 18:21:41,01:29:00
UK082,Vistara,DEL,BOM,2026-04-18 16:50:41,2026-04-18 21:21:41,04:31:00
UK138,Vistara,DEL,BLR,2026-04-18 16:47:41,2026-04-18 19:36:41,02:49:00
UK198,Vistara,DEL,BLR,2026-04-18 16:43:41,2026-04-18 18:18:41,01:35:00
6F039,IndiGo,MAA,CCU,2026-04-18 16:43:41,2026-04-18 21:01:41,04:18:00
6F157,IndiGo,MAA,CCU,2026-04-18 16:37:41,2026-04-18 18:04:41,01:27:00
SJ024,SpiceJet,DEL,MAA,2026-04-18 16:29:41,2026-04-18 20:21:41,03:52:00
6F167,IndiGo,BLR,BOM,2026-04-18 16:26:41,2026-04-18 17:50:41,01:24:00
AI197,Air India,BOM,CCU,2026-04-18 16:25:41,2026-04-18 20:00:41,03:35:00
SJ211,SpiceJet,MAA,BOM,2026-04-18 16:22:41,2026-04-18 18:34:41,02:12:00
6F055,IndiGo,DEL,CCU,2026-04-18 16:21:41,2026-04-18 18:49:41,02:28:00
AI253,Air India,BLR,BOM,2026-04-18 16:13:41,2026-04-18 19:51:41,03:38:00
UK060,Vistara,BLR,CCU,2026-04-18 16:09:41,2026-04-18 19:42:41,03:33:00
6F257,IndiGo,MAA,CCU,2026-04-18 16:04:41,2026-04-18 19:55:41,03:51:00
SJ135,SpiceJet,MAA,CCU,2026-04-18 16:03:41,2026-04-18 19:48:41,03:45:00
AI247,Air India,BOM,CCU,2026-04-18 15:58:41,2026-04-18 19:02:41,03:04:00
UK127,Vistara,BOM,HYD,2026-04-18 15:56:41,2026-04-18 20:00:41,04:04:00
AI109,Air India,BLR,BOM,2026-04-18 15:53:41,2026-04-18 20:14:41,04:21:00
AI057,Air India,BOM,CCU,2026-04-18 15:53:41,2026-04-18 19:22:41,03:29:00
6F103,IndiGo,CCU,MAA,2026-04-18 15:37:41,2026-04-18 18:32:41,02:55:00
SJ144,SpiceJet,BLR,BOM,2026-04-18 15:35:41,2026-04-18 19:12:41,03:37:00
6F076,IndiGo,CCU,HYD,2026-04-18 15:35:41,2026-04-18 16:20:41,00:45:00
6F240,IndiGo,DEL,HYD,2026-04-18 15:31:41,2026-04-18 19:56:41,04:25:00
UK057,Vistara,CCU,DEL,2026-04-18 15:25:41,2026-04-18 20:04:41,04:39:00
AI201,Air India,BLR,CCU,2026-04-18 15:19:41,2026-04-18 16:40:41,01:21:00
SJ242,SpiceJet,BLR,HYD,2026-04-18 14:55:41,2026-04-18 17:42:41,02:47:00
6F037,IndiGo,BOM,MAA,2026-04-18 14:51:41,2026-04-18 17:23:41,02:32:00
SJ132,SpiceJet,MAA,DEL,2026-04-18 14:44:41,2026-04-18 15:36:41,00:52:00
AI055,Air India,CCU,BOM,2026-04-18 14:39:41,2026-04-18 16:18:41,01:39:00
6F252,IndiGo,MAA,BLR,2026-04-18 14:25:41,2026-04-18 18:52:41,04:27:00
AI183,Air India,DEL,CCU,2026-04-18 14:24:41,2026-04-18 16:06:41,01:42:00
SJ125,SpiceJet,DEL,BLR,2026-04-18 14:21:41,2026-04-18 16:55:41,02:34:00
SJ087,SpiceJet,BOM,DEL,2026-04-18 14:20:41,2026-04-18 19:09:41,04:49:00
UK182,Vistara,HYD,CCU,2026-04-18 14:19:41,2026-04-18 18:25:41,04:06:00
AI016,Air India,BOM,CCU,2026-04-18 14:15:41,2026-04-18 18:38:41,04:23:00
6F107,IndiGo,CCU,BLR,2026-04-18 14:14:41,2026-04-18 17:14:42,03:00:00.298000
AI026,Air India,DEL,BOM,2026-04-18 14:14:41,2026-04-18 15:13:41,00:59:00
AI177,Air India,CCU,HYD,2026-04-18 14:11:41,2026-04-18 16:26:41,02:15:00
AI041,Air India,BOM,BLR,2026-04-18 14:08:41,2026-04-18 15:59:41,01:51:00
6F264,IndiGo,DEL,HYD,2026-04-18 14:03:41,2026-04-18 18:23:41,04:20:00
6F222,IndiGo,HYD,MAA,2026-04-18 14:01:41,2026-04-18 16:11:41,02:10:00
AI004,Air India,HYD,MAA,2026-04-18 13:58:41,2026-04-18 18:12:41,04:14:00
SJ126,SpiceJet,DEL,BLR,2026-04-18 13:47:41,2026-04-18 16:31:41,02:44:00
SJ220,SpiceJet,BOM,CCU,2026-04-18 13:45:41,2026-04-18 15:21:41,01:36:00
AI204,Air India,CCU,MAA,2026-04-18 13:40:41,2026-04-18 18:38:41,04:58:00
UK098,Vistara,CCU,DEL,2026-04-18 13:38:41,2026-04-18 17:54:41,04:16:00
AI090,Air India,MAA,CCU,2026-04-18 13:37:41,2026-04-18 16:11:41,02:34:00
AI092,Air India,CCU,BOM,2026-04-18 13:36:41,2026-04-18 16:20:41,02:44:00
AI049,Air India,CCU,MAA,2026-04-18 13:35:41,2026-04-18 15:48:41,02:13:00
UK117,Vistara,BLR,BOM,2026-04-18 13:17:41,2026-04-18 16:54:41,03:37:00
6F227,IndiGo,MAA,BOM,2026-04-18 13:16:41,2026-04-18 17:41:41,04:25:00
AI228,Air India,BLR,BOM,2026-04-18 13:16:41,2026-04-18 17:44:41,04:28:00
SJ164,SpiceJet,CCU,MAA,2026-04-18 13:14:41,2026-04-18 15:14:42,02:00:00.297000
AI018,Air India,BOM,CCU,2026-04-18 13:12:41,2026-04-18 18:04:41,04:52:00
UK192,Vistara,HYD,DEL,2026-04-18 12:54:41,2026-04-18 13:54:42,01:00:00.297000
SJ224,SpiceJet,DEL,MAA,2026-04-18 12:41:41,2026-04-18 15:33:41,02:52:00
UK050,Vistara,BOM,DEL,2026-04-18 12:39:41,2026-04-18 13:18:41,00:39:00
SJ159,SpiceJet,CCU,DEL,2026-04-18 12:22:41,2026-04-18 14:05:41,01:43:00
UK038,Vistara,MAA,CCU,2026-04-18 12:22:41,2026-04-18 15:31:41,03:09:00
6F192,IndiGo,CCU,BLR,2026-04-18 12:20:41,2026-04-18 16:45:41,04:25:00
6F173,IndiGo,BOM,CCU,2026-04-18 12:19:41,2026-04-18 13:08:41,00:49:00
AI185,Air India,CCU,BOM,2026-04-18 12:16:41,2026-04-18 16:18:41,04:02:00
SJ152,SpiceJet,BOM,DEL,2026-04-18 12:09:41,2026-04-18 13:50:41,01:41:00
AI215,Air India,BLR,DEL,2026-04-18 12:07:41,2026-04-18 13:43:41,01:36:00
AI074,Air India,CCU,BOM,2026-04-18 12:03:41,2026-04-18 12:50:41,00:47:00
6F109,IndiGo,BLR,BOM,2026-04-18 12:00:41,2026-04-18 12:51:41,00:51:00
6F144,IndiGo,HYD,BOM,2026-04-18 11:56:41,2026-04-18 15:11:41,03:15:00
6F210,IndiGo,HYD,DEL,2026-04-18 11:51:41,2026-04-18 15:58:41,04:07:00
SJ111,SpiceJet,DEL,MAA,2026-04-18 11:47:41,2026-04-18 12:59:41,01:12:00
UK092,Vistara,MAA,BLR,2026-04-18 11:42:41,2026-04-18 13:17:41,01:35:00
UK009,Vistara,BOM,DEL,2026-04-18 11:34:41,2026-04-18 13:41:41,02:07:00
AI170,Air India,HYD,DEL,2026-04-18 11:27:41,2026-04-18 15:50:41,04:23:00
6F154,IndiGo,CCU,DEL,2026-04-18 11:26:41,2026-04-18 12:23:41,00:57:00
6F161,IndiGo,MAA,DEL,2026-04-18 11:24:41,2026-04-18 12:21:41,00:57:00
UK128,Vistara,BOM,CCU,2026-04-18 11:22:41,2026-04-18 14:11:41,02:49:00
AI186,Air India,DEL,BOM,2026-04-18 11:11:41,2026-04-18 13:05:41,01:54:00
AI099,Air India,BLR,BOM,2026-04-18 11:07:41,2026-04-18 13:29:41,02:22:00
6F203,IndiGo,BLR,HYD,2026-04-18 11:05:41,2026-04-18 12:56:41,01:51:00
UK139,Vistara,BLR,MAA,2026-04-18 10:54:41,2026-04-18 14:31:41,03:37:00
SJ008,SpiceJet,HYD,BLR,2026-04-18 10:53:41,2026-04-18 15:48:41,04:55:00
AI171,Air India,MAA,BLR,2026-04-18 10:51:41,2026-04-18 13:34:41,02:43:00
6F124,IndiGo,BLR,BOM,2026-04-18 10:47:41,2026-04-18 15:21:41,04:34:00
6F137,IndiGo,CCU,DEL,2026-04-18 10:45:41,2026-04-18 15:01:41,04:16:00
AI008,Air India,BOM,CCU,2026-04-18 10:43:41,2026-04-18 12:43:42,02:00:00.299000
SJ140,SpiceJet,HYD,DEL,2026-04-18 10:42:41,2026-04-18 14:30:41,03:48:00
UK016,Vistara,DEL,CCU,2026-04-18 10:42:41,2026-04-18 11:22:41,00:40:00
AI127,Air India,DEL,HYD,2026-04-18 10:37:41,2026-04-18 13:45:41,03:08:00
SJ096,SpiceJet,DEL,HYD,2026-04-18 10:29:41,2026-04-18 13:45:41,03:16:00
6F048,IndiGo,HYD,DEL,2026-04-18 10:27:41,2026-04-18 11:18:41,00:51:00
SJ090,SpiceJet,HYD,MAA,2026-04-18 10:24:41,2026-04-18 13:11:41,02:47:00
AI014,Air India,HYD,MAA,2026-04-18 10:24:41,2026-04-18 13:51:41,03:27:00
6F131,IndiGo,BLR,HYD,2026-04-18 10:22:41,2026-04-18 14:20:41,03:58:00
AI130,Air India,BOM,BLR,2026-04-18 10:18:41,2026-04-18 12:59:41,02:41:00
UK151,Vistara,BOM,CCU,2026-04-18 10:11:41,2026-04-18 13:30:41,03:19:00
6F165,IndiGo,BLR,BOM,2026-04-18 10:11:41,2026-04-18 11:09:41,00:58:00
UK161,Vistara,BLR,BOM,2026-04-18 10:05:41,2026-04-18 12:48:41,02:43:00
AI107,Air India,HYD,CCU,2026-04-18 10:03:41,2026-04-18 10:49:41,00:46:00
SJ104,SpiceJet,HYD,DEL,2026-04-18 10:00:41,2026-04-18 11:00:42,01:00:00.298000
AI042,Air India,CCU,DEL,2026-04-18 09:53:41,2026-04-18 10:57:41,01:04:00
6F266,IndiGo,CCU,MAA,2026-04-18 09:49:41,2026-04-18 11:17:41,01:28:00
6F138,IndiGo,HYD,BLR,2026-04-18 09:49:41,2026-04-18 12:53:41,03:04:00
SJ219,SpiceJet,BOM,DEL,2026-04-18 09:32:41,2026-04-18 14:09:41,04:37:00
UK197,Vistara,BLR,HYD,2026-04-18 09:22:41,2026-04-18 10:54:41,01:32:00
6F119,IndiGo,DEL,BOM,2026-04-18 09:19:41,2026-04-18 11:33:41,02:14:00
SJ058,SpiceJet,DEL,HYD,2026-04-18 08:58:41,2026-04-18 13:14:41,04:16:00
AI218,Air India,BOM,CCU,2026-04-18 08:55:41,2026-04-18 11:55:41,03:00:00
SJ060,SpiceJet,HYD,CCU,2026-04-18 08:51:41,2026-04-18 13:46:41,04:55:00
UK121,Vistara,BLR,BOM,2026-04-18 08:36:41,2026-04-18 12:36:41,04:00:00
6F208,IndiGo,CCU,BOM,2026-04-18 08:27:41,2026-04-18 11:34:41,03:07:00
6F153,IndiGo,CCU,BLR,2026-04-18 08:23:41,2026-04-18 12:20:41,03:57:00
AI117,Air India,HYD,BLR,2026-04-18 08:18:41,2026-04-18 10:09:41,01:51:00
SJ113,SpiceJet,BLR,BOM,2026-04-18 08:10:41,2026-04-18 10:10:42,02:00:00.298000
AI191,Air India,BLR,MAA,2026-04-18 07:57:41,2026-04-18 11:58:41,04:01:00
6F267,IndiGo,DEL,MAA,2026-04-18 07:56:41,2026-04-18 11:49:41,03:53:00
6F185,IndiGo,CCU,DEL,2026-04-18 07:49:41,2026-04-18 10:08:41,02:19:00
AI114,Air India,CCU,DEL,2026-04-18 07:48:41,2026-04-18 09:03:41,01:15:00
6F155,IndiGo,DEL,BLR,2026-04-18 07:47:41,2026-04-18 08:20:41,00:33:00
UK045,Vistara,MAA,HYD,2026-04-18 07:43:41,2026-04-18 09:28:41,01:45:00
AI111,Air India,MAA,CCU,2026-04-18 07:40:41,2026-04-18 10:39:41,02:59:00
AI156,Air India,CCU,BOM,2026-04-18 07:39:41,2026-04-18 09:22:41,01:43:00
SJ128,SpiceJet,CCU,BLR,2026-04-18 07:39:41,2026-04-18 10:42:41,03:03:00
AI104,Air India,MAA,HYD,2026-04-18 07:35:41,2026-04-18 09:20:41,01:45:00
6F225,IndiGo,HYD,CCU,2026-04-18 07:33:41,2026-04-18 12:12:41,04:39:00
6F033,IndiGo,DEL,HYD,2026-04-18 07:08:41,2026-04-18 09:08:41,02:00:00
6F244,IndiGo,MAA,CCU,2026-04-18 07:07:41,2026-04-18 08:31:41,01:24:00
UK137,Vistara,BOM,MAA,2026-04-18 07:04:41,2026-04-18 09:14:41,02:10:00
AI063,Air India,HYD,BLR,2026-04-18 07:03:41,2026-04-18 11:26:41,04:23:00
SJ156,SpiceJet,BOM,DEL,2026-04-18 06:59:41,2026-04-18 07:34:41,00:35:00
UK125,Vistara,HYD,BOM,2026-04-18 06:58:41,2026-04-18 11:44:41,04:46:00
AI232,Air India,DEL,BLR,2026-04-18 06:43:41,2026-04-18 10:13:41,03:30:00
AI167,Air India,BLR,DEL,2026-04-18 06:43:41,2026-04-18 11:10:41,04:27:00
UK160,Vistara,BLR,BOM,2026-04-18 06:42:41,2026-04-18 10:58:41,04:16:00
UK129,Vistara,HYD,MAA,2026-04-18 06:29:41,2026-04-18 07:29:42,01:00:00.298000
SJ230,SpiceJet,BOM,CCU,2026-04-18 06:22:41,2026-04-18 10:57:41,04:35:00
SJ056,SpiceJet,HYD,DEL,2026-04-18 06:11:41,2026-04-18 07:10:41,00:59:00
SJ137,SpiceJet,CCU,DEL,2026-04-18 06:08:41,2026-04-18 10:14:41,04:06:00
6F081,IndiGo,MAA,BLR,2026-04-18 06:04:41,2026-04-18 07:43:41,01:39:00
6F088,IndiGo,CCU,BLR,2026-04-18 05:51:41,2026-04-18 08:22:41,02:31:00
6F121,IndiGo,HYD,MAA,2026-04-18 05:44:41,2026-04-18 10:42:41,04:58:00
UK214,Vistara,HYD,DEL,2026-04-18 05:30:41,2026-04-18 09:10:41,03:40:00
6F060,IndiGo,DEL,BLR,2026-04-18 05:29:41,2026-04-18 07:29:42,02:00:00.299000
SJ101,SpiceJet,CCU,DEL,2026-04-18 05:17:41,2026-04-18 06:57:41,01:40:00
AI017,Air India,CCU,BOM,2026-04-18 05:15:41,2026-04-18 08:48:41,03:33:00
6F120,IndiGo,BLR,BOM,2026-04-18 05:14:41,2026-04-18 06:14:41,01:00:00
6F217,IndiGo,BLR,BOM,2026-04-18 05:13:41,2026-04-18 08:01:41,02:48:00
AI194,Air India,MAA,BLR,2026-04-18 05:09:41,2026-04-18 09:38:41,04:29:00
AI095,Air India,DEL,MAA,2026-04-18 05:00:41,2026-04-18 08:18:41,03:18:00
SJ190,SpiceJet,BOM,CCU,2026-04-18 04:57:41,2026-04-18 09:25:41,04:28:00
6F139,IndiGo,HYD,MAA,2026-04-18 04:55:41,2026-04-18 08:17:41,03:22:00
6F062,IndiGo,CCU,DEL,2026-04-18 04:55:41,2026-04-18 06:22:41,01:27:00
UK011,Vistara,CCU,DEL,2026-04-18 04:41:41,2026-04-18 06:25:41,01:44:00
6F100,IndiGo,BOM,BLR,2026-04-18 04:40:41,2026-04-18 07:49:41,03:09:00
6F228,IndiGo,HYD,MAA,2026-04-18 04:36:41,2026-04-18 09:27:41,04:51:00
UK033,Vistara,HYD,DEL,2026-04-18 04:34:41,2026-04-18 09:18:41,04:44:00
SJ231,SpiceJet,DEL,BLR,2026-04-18 04:23:41,2026-04-18 05:48:41,01:25:00
AI166,Air India,BOM,CCU,2026-04-18 04:20:41,2026-04-18 07:23:41,03:03:00
SJ176,SpiceJet,DEL,BOM,2026-04-18 04:15:41,2026-04-18 06:17:41,02:02:00
SJ065,SpiceJet,MAA,BLR,2026-04-18 04:10:41,2026-04-18 06:54:41,02:44:00
6F160,IndiGo,MAA,BLR,2026-04-18 04:09:41,2026-04-18 08:26:41,04:17:00
AI089,Air India,CCU,BOM,2026-04-18 04:05:41,2026-04-18 04:47:41,00:42:00
UK226,Vistara,MAA,HYD,2026-04-18 03:58:41,2026-04-18 05:01:41,01:03:00
SJ123,SpiceJet,BOM,CCU,2026-04-18 03:57:41,2026-04-18 05:25:41,01:28:00
AI054,Air India,HYD,CCU,2026-04-18 03:44:41,2026-04-18 08:10:41,04:26:00
UK019,Vistara,BOM,HYD,2026-04-18 03:41:41,2026-04-18 04:35:41,00:54:00
UK032,Vistara,BLR,BOM,2026-04-18 03:31:41,2026-04-18 07:28:41,03:57:00
SJ100,SpiceJet,MAA,BLR,2026-04-18 03:28:41,2026-04-18 06:50:41,03:22:00
SJ094,SpiceJet,MAA,HYD,2026-04-18 03:23:41,2026-04-18 08:07:41,04:44:00
6F101,IndiGo,BOM,MAA,2026-04-18 03:18:41,2026-04-18 08:15:41,04:57:00
6F006,IndiGo,BOM,BLR,2026-04-18 03:06:41,2026-04-18 05:06:42,02:00:00.299000
AI006,Air India,BOM,BLR,2026-04-18 03:04:41,2026-04-18 05:54:41,02:50:00
AI195,Air India,CCU,MAA,2026-04-18 02:58:41,2026-04-18 04:57:41,01:59:00
UK072,Vistara,BOM,BLR,2026-04-18 02:55:41,2026-04-18 05:55:42,03:00:00.298000
AI244,Air India,BLR,BOM,2026-04-18 02:50:41,2026-04-18 03:25:41,00:35:00
SJ059,SpiceJet,CCU,DEL,2026-04-18 02:50:41,2026-04-18 04:06:41,01:16:00
SJ009,SpiceJet,CCU,BLR,2026-04-18 02:48:41,2026-04-18 04:23:41,01:35:00
AI121,Air India,HYD,MAA,2026-04-18 02:42:41,2026-04-18 06:11:41,03:29:00
6F265,IndiGo,DEL,HYD,2026-04-18 02:27:41,2026-04-18 03:24:41,00:57:00
6F110,IndiGo,HYD,DEL,2026-04-18 02:27:41,2026-04-18 05:48:41,03:21:00
UK018,Vistara,BOM,CCU,2026-04-18 02:15:41,2026-04-18 04:08:41,01:53:00
6F072,IndiGo,BLR,CCU,2026-04-18 02:14:41,2026-04-18 03:11:41,00:57:00
6F159,IndiGo,CCU,BOM,2026-04-18 02:08:41,2026-04-18 02:43:41,00:35:00
6F095,IndiGo,BLR,MAA,2026-04-18 01:53:41,2026-04-18 05:34:41,03:41:00
SJ129,SpiceJet,CCU,BOM,2026-04-18 01:48:41,2026-04-18 05:48:41,04:00:00
UK039,Vistara,HYD,BOM,2026-04-18 01:40:41,2026-04-18 02:53:41,01:13:00
6F130,IndiGo,DEL,HYD,2026-04-18 01:27:41,2026-04-18 02:45:41,01:18:00
6F247,IndiGo,DEL,HYD,2026-04-18 01:27:41,2026-04-18 02:45:41,01:18:00
SJ233,SpiceJet,DEL,HYD,2026-04-18 01:18:41,2026-04-18 02:56:41,01:38:00
6F231,IndiGo,HYD,MAA,2026-04-18 01:16:41,2026-04-18 05:43:41,04:27:00
AI125,Air India,CCU,DEL,2026-04-18 01:12:41,2026-04-18 04:51:41,03:39:00
6F102,IndiGo,HYD,MAA,2026-04-18 01:10:41,2026-04-18 02:24:41,01:14:00
UK078,Vistara,BOM,HYD,2026-04-18 01:03:41,2026-04-18 04:32:41,03:29:00
UK043,Vistara,DEL,HYD,2026-04-18 00:48:41,2026-04-18 04:52:41,04:04:00
AI144,Air India,MAA,BOM,2026-04-18 00:43:41,2026-04-18 03:36:41,02:53:00
UK054,Vistara,BLR,BOM,2026-04-18 00:37:41,2026-04-18 05:30:41,04:53:00
UK108,Vistara,DEL,BLR,2026-04-18 00:28:41,2026-04-18 03:46:41,03:18:00
6F008,IndiGo,DEL,BOM,2026-04-18 00:14:41,2026-04-18 04:59:41,04:45:00
6F106,IndiGo,BOM,CCU,2026-04-18 00:10:41,2026-04-18 01:52:41,01:42:00
AI203,Air India,BOM,CCU,2026-04-18 00:09:41,2026-04-18 02:56:41,02:47:00
AI065,Air India,MAA,BLR,2026-04-18 00:09:41,2026-04-18 05:00:41,04:51:00
UK053,Vistara,BLR,BOM,2026-04-17 23:56:41,2026-04-18 02:46:41,02:50:00
UK086,Vistara,CCU,BLR,2026-04-17 23:55:41,2026-04-18 02:27:41,02:32:00
SJ223,SpiceJet,HYD,MAA,2026-04-17 23:54:41,2026-04-18 01:08:41,01:14:00
6F069,IndiGo,MAA,BLR,2026-04-17 23:44:41,2026-04-18 03:17:41,03:33:00
6F032,IndiGo,DEL,BOM,2026-04-17 23:43:41,2026-04-18 02:22:41,02:39:00
UK178,Vistara,DEL,BLR,2026-04-17 23:41:41,2026-04-18 04:09:41,04:28:00
6F108,IndiGo,DEL,HYD,2026-04-17 23:41:41,2026-04-18 03:23:41,03:42:00
UK147,Vistara,CCU,DEL,2026-04-17 23:35:41,2026-04-18 02:55:41,03:20:00
AI187,Air India,BLR,HYD,2026-04-17 23:32:41,2026-04-18 01:16:41,01:44:00
UK213,Vistara,BOM,CCU,2026-04-17 23:21:41,2026-04-18 01:01:41,01:40:00
AI035,Air India,DEL,MAA,2026-04-17 23:17:41,2026-04-18 00:48:41,01:31:00
UK186,Vistara,BOM,BLR,2026-04-17 23:05:41,2026-04-18 02:22:41,03:17:00
6F045,IndiGo,BOM,HYD,2026-04-17 23:04:41,2026-04-18 03:38:41,04:34:00
UK025,Vistara,DEL,BOM,2026-04-17 22:55:41,2026-04-18 02:47:41,03:52:00
UK162,Vistara,BOM,CCU,2026-04-17 22:47:41,2026-04-18 00:21:41,01:34:00
AI157,Air India,BLR,CCU,2026-04-17 22:45:41,2026-04-18 01:33:41,02:48:00
6F096,IndiGo,MAA,BLR,2026-04-17 22:45:41,2026-04-18 02:58:41,04:13:00
SJ229,SpiceJet,CCU,DEL,2026-04-17 22:25:41,2026-04-18 00:27:41,02:02:00
AI214,Air India,CCU,DEL,2026-04-17 22:23:41,2026-04-18 02:49:41,04:26:00
6F205,IndiGo,HYD,BOM,2026-04-17 22:16:41,2026-04-18 00:02:41,01:46:00
SJ157,SpiceJet,DEL,HYD,2026-04-17 22:11:41,2026-04-18 01:05:41,02:54:00
UK114,Vistara,HYD,CCU,2026-04-17 22:10:41,2026-04-17 23:58:41,01:48:00
6F054,IndiGo,HYD,BLR,2026-04-17 22:00:41,2026-04-18 01:25:41,03:25:00
6F216,IndiGo,BLR,DEL,2026-04-17 21:58:41,2026-04-18 02:51:41,04:53:00
AI231,Air India,DEL,HYD,2026-04-17 21:52:41,2026-04-17 23:51:41,01:59:00
UK103,Vistara,MAA,DEL,2026-04-17 21:52:41,2026-04-18 01:06:41,03:14:00
AI066,Air India,HYD,MAA,2026-04-17 21:51:41,2026-04-18 00:11:41,02:20:00
6F186,IndiGo,HYD,BOM,2026-04-17 21:48:41,2026-04-18 02:02:41,04:14:00
AI021,Air India,DEL,HYD,2026-04-17 21:39:41,2026-04-18 01:38:41,03:59:00
AI113,Air India,CCU,HYD,2026-04-17 21:21:41,2026-04-17 23:51:41,02:30:00
SJ031,SpiceJet,DEL,BOM,2026-04-17 21:20:41,2026-04-17 22:29:41,01:09:00
UK217,Vistara,MAA,CCU,2026-04-17 21:19:41,2026-04-17 22:14:41,00:55:00
SJ120,SpiceJet,MAA,BLR,2026-04-17 21:19:41,2026-04-18 00:56:41,03:37:00
UK180,Vistara,CCU,MAA,2026-04-17 21:18:41,2026-04-17 23:29:41,02:11:00
6F242,IndiGo,BLR,MAA,2026-04-17 21:10:41,2026-04-18 01:04:41,03:54:00
UK080,Vistara,BLR,MAA,2026-04-17 21:09:41,2026-04-17 22:29:41,01:20:00
SJ124,SpiceJet,HYD,DEL,2026-04-17 21:05:41,2026-04-18 01:12:41,04:07:00
SJ115,SpiceJet,BOM,HYD,2026-04-17 21:05:41,2026-04-17 23:10:41,02:05:00
AI081,Air India,CCU,BOM,2026-04-17 21:03:41,2026-04-17 22:51:41,01:48:00
AI142,Air India,BOM,DEL,2026-04-17 20:49:41,2026-04-17 23:03:41,02:14:00
UK052,Vistara,BLR,CCU,2026-04-17 20:48:41,2026-04-17 21:40:41,00:52:00
UK014,Vistara,HYD,MAA,2026-04-17 20:41:41,2026-04-17 22:06:41,01:25:00
AI230,Air India,CCU,BLR,2026-04-17 20:37:41,2026-04-18 00:22:41,03:45:00
6F268,IndiGo,DEL,MAA,2026-04-17 20:29:41,2026-04-17 21:58:41,01:29:00
AI124,Air India,CCU,HYD,2026-04-17 20:28:41,2026-04-18 00:00:41,03:32:00
6F082,IndiGo,BOM,BLR,2026-04-17 20:26:41,2026-04-17 22:26:41,02:00:00
SJ035,SpiceJet,CCU,DEL,2026-04-17 20:15:41,2026-04-17 21:15:42,01:00:00.299000
SJ095,SpiceJet,DEL,MAA,2026-04-17 20:09:41,2026-04-17 23:13:41,03:04:00
UK230,Vistara,BLR,BOM,2026-04-17 20:02:41,2026-04-17 21:35:41,01:33:00
UK171,Vistara,HYD,CCU,2026-04-17 19:59:41,2026-04-17 22:53:41,02:54:00
6F147,IndiGo,HYD,MAA,2026-04-17 19:57:41,2026-04-18 00:31:41,04:34:00
SJ212,SpiceJet,MAA,BLR,2026-04-17 19:49:41,2026-04-17 21:44:41,01:55:00
6F080,IndiGo,HYD,MAA,2026-04-17 19:47:41,2026-04-17 23:13:41,03:26:00
UK049,Vistara,HYD,BOM,2026-04-17 19:47:41,2026-04-17 20:32:41,00:45:00
AI152,Air India,BLR,CCU,2026-04-17 19:21:41,2026-04-17 20:26:41,01:05:00
AI162,Air India,MAA,DEL,2026-04-17 19:20:41,2026-04-17 22:40:41,03:20:00
SJ037,SpiceJet,BLR,BOM,2026-04-17 19:14:41,2026-04-17 22:31:41,03:17:00
AI172,Air India,BOM,CCU,2026-04-17 19:08:41,2026-04-17 19:53:41,00:45:00
UK205,Vistara,HYD,MAA,2026-04-17 18:57:41,2026-04-17 21:46:41,02:49:00
AI199,Air India,HYD,DEL,2026-04-17 18:47:41,2026-04-17 22:26:41,03:39:00
6F241,IndiGo,DEL,HYD,2026-04-17 18:27:41,2026-04-17 19:02:41,00:35:00
SJ041,SpiceJet,CCU,HYD,2026-04-17 18:24:41,2026-04-17 22:59:41,04:35:00
AI064,Air India,BLR,MAA,2026-04-17 18:24:41,2026-04-17 20:07:41,01:43:00
UK169,Vistara,HYD,DEL,2026-04-17 18:12:41,2026-04-17 23:01:41,04:49:00
UK144,Vistara,BOM,CCU,2026-04-17 18:07:41,2026-04-17 20:59:41,02:52:00
AI118,Air India,HYD,MAA,2026-04-17 17:50:41,2026-04-17 19:59:41,02:09:00
SJ145,SpiceJet,BLR,HYD,2026-04-17 17:41:41,2026-04-17 20:38:41,02:57:00
SJ077,SpiceJet,BLR,MAA,2026-04-17 17:32:41,2026-04-17 19:40:41,02:08:00
AI126,Air India,MAA,HYD,2026-04-17 17:26:41,2026-04-17 20:48:41,03:22:00
SJ033,SpiceJet,HYD,DEL,2026-04-17 17:26:41,2026-04-17 18:51:41,01:25:00
SJ180,SpiceJet,HYD,CCU,2026-04-17 17:12:41,2026-04-17 22:00:41,04:48:00
6F183,IndiGo,MAA,HYD,2026-04-17 17:08:41,2026-04-17 19:52:41,02:44:00
AI145,Air India,DEL,BOM,2026-04-17 17:06:41,2026-04-17 21:31:41,04:25:00
6F089,IndiGo,DEL,HYD,2026-04-17 17:06:41,2026-04-17 19:10:41,02:04:00
6F207,IndiGo,BOM,HYD,2026-04-17 16:59:41,2026-04-17 21:00:41,04:01:00
AI229,Air India,HYD,MAA,2026-04-17 16:48:41,2026-04-17 18:40:41,01:52:00
6F223,IndiGo,MAA,BLR,2026-04-17 16:47:41,2026-04-17 17:21:41,00:34:00
6F116,IndiGo,MAA,CCU,2026-04-17 16:43:41,2026-04-17 19:02:41,02:19:00
SJ240,SpiceJet,BOM,HYD,2026-04-17 16:42:41,2026-04-17 20:21:41,03:39:00
SJ184,SpiceJet,CCU,DEL,2026-04-17 16:32:41,2026-04-17 21:00:41,04:28:00
AI087,Air India,MAA,DEL,2026-04-17 16:32:41,2026-04-17 20:30:41,03:58:00
UK148,Vistara,HYD,BOM,2026-04-17 16:31:41,2026-04-17 18:43:41,02:12:00
AI210,Air India,BLR,BOM,2026-04-17 16:13:41,2026-04-17 18:50:41,02:37:00
6F093,IndiGo,CCU,DEL,2026-04-17 16:09:41,2026-04-17 20:00:41,03:51:00
SJ080,SpiceJet,CCU,MAA,2026-04-17 16:04:41,2026-04-17 17:59:41,01:55:00
SJ005,SpiceJet,DEL,MAA,2026-04-17 16:03:41,2026-04-17 17:24:41,01:21:00
6F040,IndiGo,HYD,CCU,2026-04-17 15:52:41,2026-04-17 20:33:41,04:41:00
AI212,Air India,DEL,CCU,2026-04-17 15:31:41,2026-04-17 20:13:41,04:42:00
AI154,Air India,HYD,MAA,2026-04-17 15:25:41,2026-04-17 19:16:41,03:51:00
6F239,IndiGo,CCU,BOM,2026-04-17 15:24:41,2026-04-17 17:37:41,02:13:00
UK199,Vistara,BOM,CCU,2026-04-17 15:24:41,2026-04-17 18:55:41,03:31:00
6F218,IndiGo,BLR,BOM,2026-04-17 15:16:41,2026-04-17 19:03:41,03:47:00
6F011,IndiGo,MAA,BLR,2026-04-17 15:16:41,2026-04-17 17:16:42,02:00:00.299000
UK106,Vistara,BOM,CCU,2026-04-17 15:12:41,2026-04-17 17:23:41,02:11:00
UK030,Vistara,CCU,DEL,2026-04-17 15:11:41,2026-04-17 19:38:41,04:27:00
6F090,IndiGo,HYD,BLR,2026-04-17 15:10:41,2026-04-17 19:22:41,04:12:00
AI184,Air India,BOM,CCU,2026-04-17 15:03:41,2026-04-17 17:03:42,02:00:00.297000
SJ232,SpiceJet,MAA,BLR,2026-04-17 15:02:41,2026-04-17 19:22:41,04:20:00
AI153,Air India,BOM,CCU,2026-04-17 15:02:41,2026-04-17 16:30:41,01:28:00
UK101,Vistara,DEL,HYD,2026-04-17 15:00:41,2026-04-17 17:43:41,02:43:00
6F200,IndiGo,HYD,DEL,2026-04-17 14:54:41,2026-04-17 19:41:41,04:47:00
6F162,IndiGo,CCU,BOM,2026-04-17 14:50:41,2026-04-17 17:44:41,02:54:00
SJ197,SpiceJet,HYD,BLR,2026-04-17 14:49:41,2026-04-17 17:33:41,02:44:00
AI174,Air India,DEL,CCU,2026-04-17 14:45:41,2026-04-17 17:01:41,02:16:00
UK090,Vistara,HYD,MAA,2026-04-17 14:44:41,2026-04-17 17:24:41,02:40:00
UK124,Vistara,MAA,BLR,2026-04-17 14:35:41,2026-04-17 17:09:41,02:34:00
AI239,Air India,BOM,HYD,2026-04-17 14:33:41,2026-04-17 17:47:41,03:14:00
UK002,Vistara,CCU,MAA,2026-04-17 14:28:41,2026-04-17 19:20:41,04:52:00
SJ055,SpiceJet,HYD,MAA,2026-04-17 14:17:41,2026-04-17 17:56:41,03:39:00
UK132,Vistara,BOM,DEL,2026-04-17 14:12:41,2026-04-17 16:19:41,02:07:00
6F002,IndiGo,BLR,MAA,2026-04-17 14:11:41,2026-04-17 17:34:41,03:23:00
UK005,Vistara,BOM,MAA,2026-04-17 14:02:41,2026-04-17 18:14:41,04:12:00
6F258,IndiGo,BOM,DEL,2026-04-17 13:54:41,2026-04-17 16:49:41,02:55:00
SJ244,SpiceJet,BLR,DEL,2026-04-17 13:51:41,2026-04-17 15:39:41,01:48:00
AI075,Air India,CCU,DEL,2026-04-17 13:51:41,2026-04-17 16:49:41,02:58:00
AI160,Air India,MAA,DEL,2026-04-17 13:41:41,2026-04-17 17:01:41,03:20:00
UK091,Vistara,CCU,BOM,2026-04-17 13:37:41,2026-04-17 17:31:41,03:54:00
UK195,Vistara,HYD,BOM,2026-04-17 13:35:41,2026-04-17 16:35:41,03:00:00
6F044,IndiGo,DEL,HYD,2026-04-17 13:25:41,2026-04-17 17:36:41,04:11:00
6F248,IndiGo,DEL,HYD,2026-04-17 13:25:41,2026-04-17 17:36:41,04:11:00
6F204,IndiGo,DEL,CCU,2026-04-17 13:23:41,2026-04-17 16:04:41,02:41:00
SJ092,SpiceJet,BLR,MAA,2026-04-17 13:19:41,2026-04-17 17:56:41,04:37:00
AI119,Air India,MAA,BLR,2026-04-17 13:15:41,2026-04-17 15:57:41,02:42:00
AI151,Air India,MAA,HYD,2026-04-17 13:14:41,2026-04-17 14:10:41,00:56:00
UK107,Vistara,HYD,BOM,2026-04-17 13:09:41,2026-04-17 14:25:41,01:16:00
SJ019,SpiceJet,BLR,DEL,2026-04-17 13:07:41,2026-04-17 15:56:41,02:49:00
AI052,Air India,CCU,MAA,2026-04-17 13:06:41,2026-04-17 15:42:41,02:36:00
SJ177,SpiceJet,BOM,CCU,2026-04-17 13:04:41,2026-04-17 17:37:41,04:33:00
6F215,IndiGo,DEL,BLR,2026-04-17 13:00:41,2026-04-17 17:30:41,04:30:00
AI223,Air India,BOM,CCU,2026-04-17 12:53:41,2026-04-17 14:42:41,01:49:00
SJ069,SpiceJet,HYD,BLR,2026-04-17 12:53:41,2026-04-17 14:17:41,01:24:00
6F198,IndiGo,HYD,BLR,2026-04-17 12:40:41,2026-04-17 17:39:41,04:59:00
AI093,Air India,BOM,BLR,2026-04-17 12:35:41,2026-04-17 17:28:41,04:53:00
UK062,Vistara,HYD,DEL,2026-04-17 12:33:41,2026-04-17 15:35:41,03:02:00
6F057,IndiGo,MAA,DEL,2026-04-17 12:32:41,2026-04-17 15:50:41,03:18:00
UK064,Vistara,BOM,DEL,2026-04-17 12:25:41,2026-04-17 14:55:41,02:30:00
