passenger_id,first_name,last_name,age,gender,email,phone,aadhaar_id,date_of_birth,age_group
P1000,Vivaan,Chatterjee,52,F,4a800acd64fd0633,+91--XXXXXX-3790,XXXX-XXXX-6001,1974-04-08,Adult
P1001,Krishna,Reddy,15,M,38c2f7e576f2ab5b,+91--XXXXXX-2297,XXXX-XXXX-2654,2011-03-07,Youth
P1002,Myra,Naidu,72,M,5b398b820ad1a987,+91--XXXXXX-5092,XXXX-XXXX-8161,1954-09-10,Senior
P1003,Myra,Mishra,61,F,a41c9b185f97f852,+91--XXXXXX-7151,XXXX-XXXX-6475,1965-03-12,Senior
P1004,Saanvi,Banerjee,21,M,3ea6de39c54d78a5,+91--XXXXXX-5113,XXXX-XXXX-6483,2005-11-11,Youth
P1005,Reyansh,Joshi,83,M,d37e98294e179a66,+91--XXXXXX-3818,XXXX-XXXX-3767,1943-03-09,Senior
P1006,Kavya,Nair,87,M,00c03844fbe7ade8,+91--XXXXXX-5830,XXXX-XXXX-3287,1939-02-25,Senior
P1007,Sara,Joshi,75,M,83788de2575373bf,+91--XXXXXX-2119,XXXX-XXXX-8480,1951-11-24,Senior
P1008,Kavya,Pillai,75,M,a04c8574ae7fd4af,+91--XXXXXX-6600,XXXX-XXXX-8281,1951-11-10,Senior
P1009,Sai,Kulkarni,88,M,0416830bb10dbfc5,+91--XXXXXX-9919,XXXX-XXXX-0154,1938-04-02,Senior
P1010,Sai,Agarwal,24,M,84cdf4e21da00697,+91--XXXXXX-9690,XXXX-XXXX-4896,2002-04-18,Youth
P1011,Sara,Naidu,3,M,902bd8c613ffedd4,+91--XXXXXX-4718,XXXX-XXXX-5098,2023-04-19,Child
P1012,Arjun,Patel,22,M,4d98916168c85c16,+91--XXXXXX-8245,XXXX-XXXX-4738,2004-03-24,Youth
P1013,Sara,Iyer,53,M,5f61f455d6b0a537,+91--XXXXXX-6298,XXXX-XXXX-6701,1973-01-13,Adult
P1014,Anika,Banerjee,2,F,4c64d38885b8f814,+91--XXXXXX-2705,XXXX-XXXX-7317,2024-09-04,Child
P1015,Aadhya,Verma,88,F,d5a7be86a07609c2,+91--XXXXXX-0141,XXXX-XXXX-2606,1938-05-26,Senior
P1016,Vivaan,Naidu,30,M,d1b2924776a247fc,+91--XXXXXX-0826,XXXX-XXXX-8050,1996-01-19,Adult
P1017,Reyansh,Chatterjee,38,F,ebaa7de05e00db72,+91--XXXXXX-3976,XXXX-XXXX-1939,1988-10-02,Adult
P1018,Ira,Ghosh,2,F,ae4bd3b76208f4b4,+91--XXXXXX-9320,XXXX-XXXX-4624,2024-08-11,Child
P1019,Diya,Patel,64,M,94bf6219aa727602,+91--XXXXXX-0329,XXXX-XXXX-2513,1962-06-10,Senior
P1020,Ananya,Khan,60,M,3099acfb8ac081b7,+91--XXXXXX-6828,XXXX-XXXX-2411,1966-12-18,Senior
P1021,Kavya,Naidu,21,M,5d991a152990db97,+91--XXXXXX-3494,XXXX-XXXX-0164,2005-01-01,Youth
P1022,Shaurya,Joshi,33,F,45e127406a667e90,+91--XXXXXX-5277,XXXX-XXXX-1280,1993-06-19,Adult
P1023,Aditya,Patel,76,F,a5907cf2867058a7,+91--XXXXXX-9973,XXXX-XXXX-1586,1950-10-24,Senior
P1024,Vivaan,Sharma,58,M,5670a71255783e6a,+91--XXXXXX-4941,XXXX-XXXX-2160,1968-08-08,Adult
P1025,Aarav,Chatterjee,22,M,c6ea5b946709c1ad,+91--XXXXXX-2872,XXXX-XXXX-1458,2004-07-22,Youth
P1026,Ira,Ghosh,89,M,1cc5747e9dc79085,+91--XXXXXX-5852,XXXX-XXXX-6556,1937-10-17,Senior
P1027,Reyansh,Banerjee,49,F,a8998a85adc601c8,+91--XXXXXX-6699,XXXX-XXXX-5615,1977-10-11,Adult
P1028,Aadhya,Mishra,59,F,b80557cfe770c21b,+91--XXXXXX-8647,XXXX-XXXX-6629,1967-10-10,Adult
P1029,Diya,Ghosh,42,F,f5ea233e0a29bbf9,+91--XXXXXX-3245,XXXX-XXXX-7387,1984-12-06,Adult
P1030,Aditya,Kulkarni,60,F,83ca1c217700adb1,+91--XXXXXX-2378,XXXX-XXXX-0037,1966-10-28,Senior
P1031,Shaurya,Patel,80,M,4344dfa1a7d13ee8,+91--XXXXXX-2643,XXXX-XXXX-1632,1946-12-17,Senior
P1032,Kavya,Gupta,15,M,88d69a74c03ca881,+91--XXXXXX-9918,XXXX-XXXX-5798,2011-07-27,Youth
P1033,Aadhya,Kulkarni,62,M,5ccaa9ada74e6488,+91--XXXXXX-4498,XXXX-XXXX-4714,1964-04-09,Senior
P1034,Ishaan,Iyer,62,M,c2c66b602cd72620,+91--XXXXXX-4033,XXXX-XXXX-6658,1964-08-14,Senior
P1035,Vivaan,Ghosh,47,F,884967b26c5dc4a4,+91--XXXXXX-2414,XXXX-XXXX-2729,1979-09-01,Adult
P1036,Riya,Reddy,62,F,c5f3db4e941a8e89,+91--XXXXXX-7896,XXXX-XXXX-3755,1964-07-09,Senior
P1037,Muhammad,Ghosh,51,M,3a74bfa21e5a8ea5,+91--XXXXXX-8772,XXXX-XXXX-0033,1975-01-20,Adult
P1038,Ira,Patel,55,M,7795f47b65bd5278,+91--XXXXXX-8741,XXXX-XXXX-9912,1971-05-04,Adult
P1039,Shaurya,Agarwal,64,F,2c59e27b9edea1a2,+91--XXXXXX-1542,XXXX-XXXX-4919,1962-01-12,Senior
P1040,Muhammad,Joshi,3,M,357ebc60d5ca9db5,+91--XXXXXX-3128,XXXX-XXXX-6572,2023-07-06,Child
P1041,Shaurya,Gupta,51,F,93f157ee1da61dfd,+91--XXXXXX-0848,XXXX-XXXX-1473,1975-08-19,Adult
P1042,Arjun,Kulkarni,7,M,a540aeedeeb7d824,+91--XXXXXX-3124,XXXX-XXXX-5494,2019-09-01,Child
P1043,Arjun,Reddy,21,M,4bdcbcb546548e77,+91--XXXXXX-6217,XXXX-XXXX-0143,2005-07-23,Youth
P1044,Sai,Iyer,73,M,e2c2ec698516c317,+91--XXXXXX-1644,XXXX-XXXX-5574,1953-05-09,Senior
P1045,Kavya,Reddy,39,M,0646f4cb9afb8dc8,+91--XXXXXX-3159,XXXX-XXXX-4989,1987-05-04,Adult
P1046,Saanvi,Sharma,18,M,8517fa4e13053c46,+91--XXXXXX-8191,XXXX-XXXX-0842,2008-11-28,Youth
P1047,Ishaan,Chatterjee,4,M,0ed50352cc4edf01,+91--XXXXXX-9872,XXXX-XXXX-4711,2022-07-16,Child
P1048,Sai,Mishra,89,M,027f96f19d6e15ee,+91--XXXXXX-5636,XXXX-XXXX-9993,1937-09-13,Senior
P1049,Aadhya,Joshi,60,F,b42a6043a5ab7d56,+91--XXXXXX-0490,XXXX-XXXX-3341,1966-03-08,Senior
P1050,Aarav,Das,14,F,09a89282a27e3083,+91--XXXXXX-5622,XXXX-XXXX-4471,2012-11-08,Youth
P1051,Aadhya,Chatterjee,9,F,ba378c3ffa98b72f,+91--XXXXXX-9494,XXXX-XXXX-2499,2017-05-15,Child
P1052,Sai,Khan,53,F,d8495bb8be9edd3b,+91--XXXXXX-2365,XXXX-XXXX-9065,1973-10-09,Adult
P1053,Myra,Banerjee,2,F,8073ef8b787373c3,+91--XXXXXX-5719,XXXX-XXXX-8742,2024-10-14,Child
P1054,Muhammad,Patel,84,M,3a54da61727d3820,+91--XXXXXX-9821,XXXX-XXXX-7468,1942-01-15,Senior
P1055,Ishaan,Chatterjee,60,M,eda596f7b38a9149,+91--XXXXXX-1200,XXXX-XXXX-0385,1966-10-25,Senior
P1056,Saanvi,Das,71,F,b3d696ca36be5d62,+91--XXXXXX-3628,XXXX-XXXX-1093,1955-12-06,Senior
P1057,Ishaan,Gupta,44,M,79b6f3ff7845ec47,+91--XXXXXX-5437,XXXX-XXXX-4846,1982-08-16,Adult
P1058,Diya,Mehta,8,F,b333316ffff7c6f9,+91--XXXXXX-6368,XXXX-XXXX-6584,2018-01-10,Child
P1059,Ishaan,Banerjee,47,F,5a088a5a76b67757,+91--XXXXXX-3112,XXXX-XXXX-7533,1979-10-13,Adult
P1060,Riya,Singh,35,M,12e1620fe6c52c3e,+91--XXXXXX-5930,XXXX-XXXX-8951,1991-08-04,Adult
P1061,Sai,Ghosh,78,M,9ab5ebe425fb4eb1,+91--XXXXXX-9358,XXXX-XXXX-6158,1948-07-11,Senior
P1062,Aarav,Singh,81,M,b54f238e115ea152,+91--XXXXXX-2051,XXXX-XXXX-7240,1945-01-11,Senior
P1063,Shaurya,Mishra,36,F,d69b7c8b7d7c77d8,+91--XXXXXX-7084,XXXX-XXXX-2219,1990-07-20,Adult
P1064,Kavya,Kulkarni,50,M,471afa29e61b772e,+91--XXXXXX-0204,XXXX-XXXX-4821,1976-08-12,Adult
P1065,Ishaan,Kulkarni,4,F,4d052e19af3342e0,+91--XXXXXX-5206,XXXX-XXXX-3695,2022-10-10,Child
P1066,Riya,Singh,2,F,3fa8e85a1a7e191c,+91--XXXXXX-6046,XXXX-XXXX-3953,2024-11-07,Child
P1067,Reyansh,Pillai,6,F,fb995f2a71bbeb0d,+91--XXXXXX-4047,XXXX-XXXX-2145,2020-12-14,Child
P1068,Sai,Banerjee,54,M,f66c0cb3c6b621fa,+91--XXXXXX-5500,XXXX-XXXX-4517,1972-02-05,Adult
P1069,Krishna,Nair,4,M,b340045d229d821d,+91--XXXXXX-9401,XXXX-XXXX-7549,2022-07-27,Child
P1070,Ira,Sharma,54,F,6eb01881a4a1a7b0,+91--XXXXXX-0232,XXXX-XXXX-1746,1972-02-05,Adult
P1071,Saanvi,Ghosh,63,M,f0cd9b155aefdf5e,+91--XXXXXX-8977,XXXX-XXXX-5869,1963-12-24,Senior
P1072,Krishna,Banerjee,18,M,995c3e3d58203ddc,+91--XXXXXX-7037,XXXX-XXXX-7735,2008-02-22,Youth
P1073,Ananya,Pillai,44,M,44644e9dfce7fa2f,+91--XXXXXX-5165,XXXX-XXXX-0053,1982-03-26,Adult
P1074,Riya,Patel,34,F,c632d2a955fb9bc9,+91--XXXXXX-9588,XXXX-XXXX-0422,1992-09-09,Adult
P1075,Krishna,Khan,74,F,9f1eb73b50b06873,+91--XXXXXX-5235,XXXX-XXXX-2402,1952-12-14,Senior
P1076,Kavya,Joshi,62,M,52ca53ea116b9377,+91--XXXXXX-1998,XXXX-XXXX-8390,1964-12-26,Senior
P1077,Myra,Singh,14,F,6f9bf029b4df8834,+91--XXXXXX-9409,XXXX-XXXX-1159,2012-03-03,Youth
P1078,Reyansh,Reddy,48,M,7522a4e705112335,+91--XXXXXX-5806,XXXX-XXXX-8961,1978-12-04,Adult
P1079,Diya,Mishra,15,M,cd407674bf1ba1d6,+91--XXXXXX-4080,XXXX-XXXX-5654,2011-06-05,Youth
P1080,Shaurya,Chatterjee,72,M,02478417d5878433,+91--XXXXXX-1867,XXXX-XXXX-9885,1954-11-04,Senior
P1081,Kavya,Ghosh,78,M,72986e16eaf9f66b,+91--XXXXXX-3943,XXXX-XXXX-8327,1948-04-28,Senior
P1082,Sai,Joshi,87,F,6dc7d888c405aa73,+91--XXXXXX-5504,XXXX-XXXX-9809,1939-11-27,Senior
P1083,Arjun,Banerjee,62,F,768f825ce2ddca05,+91--XXXXXX-0285,XXXX-XXXX-6120,1964-02-24,Senior
P1084,Aditya,Patel,40,F,2eb6879b5145c5c7,+91--XXXXXX-5666,XXXX-XXXX-9102,1986-03-25,Adult
P1085,Diya,Naidu,85,M,3a14999e64c189eb,+91--XXXXXX-8399,XXXX-XXXX-4381,1941-06-14,Senior
P1086,Vivaan,Chatterjee,80,M,5b4bc080be5aace9,+91--XXXXXX-0915,XXXX-XXXX-0034,1946-04-25,Senior
P1087,Vivaan,Sharma,82,M,532ebe212b831eff,+91--XXXXXX-1488,XXXX-XXXX-8388,1944-11-26,Senior
P1088,Ira,Chatterjee,53,F,0012fbf200150e89,+91--XXXXXX-1920,XXXX-XXXX-9664,1973-02-13,Adult
P1089,Ishaan,Mishra,24,M,e54caf399692cb6b,+91--XXXXXX-7422,XXXX-XXXX-9681,2002-07-28,Youth
P1090,Vivaan,Reddy,26,F,1a3d21afab120c3f,+91--XXXXXX-1187,XXXX-XXXX-5523,2000-02-05,Adult
P1091,Ira,Sharma,89,F,664045bd16d21ff0,+91--XXXXXX-3158,XXXX-XXXX-7995,1937-11-11,Senior
P1092,Reyansh,Verma,60,F,946dce62ca14feb7,+91--XXXXXX-1814,XXXX-XXXX-1477,1966-01-02,Senior
P1093,Anika,Pillai,41,F,0363b70db16c3a6e,+91--XXXXXX-9284,XXXX-XXXX-0793,1985-06-20,Adult
P1094,Kavya,Agarwal,29,F,48ec90a10a6f212a,+91--XXXXXX-6383,XXXX-XXXX-7788,1997-10-06,Adult
P1095,Anika,Verma,15,F,29a2784127268861,+91--XXXXXX-4671,XXXX-XXXX-1864,2011-05-24,Youth
P1096,Myra,Agarwal,45,M,17291775c3d58a5d,+91--XXXXXX-4766,XXXX-XXXX-1486,1981-11-26,Adult
P1097,Shaurya,Mehta,65,M,e638bf7acce53259,+91--XXXXXX-2005,XXXX-XXXX-2357,1961-04-08,Senior
P1098,Reyansh,Chatterjee,89,F,2b83b1c4ddc8bcb3,+91--XXXXXX-5381,XXXX-XXXX-2962,1937-03-06,Senior
P1099,Vivaan,Agarwal,71,F,c74686d58757d577,+91--XXXXXX-4348,XXXX-XXXX-7383,1955-05-26,Senior
P1100,Muhammad,Joshi,9,M,5675fd9cde4f99ac,+91--XXXXXX-6219,XXXX-XXXX-2392,2017-05-02,Child
P1101,Shaurya,Agarwal,88,F,16dba28beba2f216,+91--XXXXXX-3590,XXXX-XXXX-8261,1938-04-27,Senior
P1102,Myra,Kulkarni,1,F,1b1e97ff48d48eb8,+91--XXXXXX-6900,XXXX-XXXX-5305,2025-02-27,Child
P1103,Ishaan,Banerjee,8,M,15836c04256f217b,+91--XXXXXX-5981,XXXX-XXXX-7117,2018-10-18,Child
P1104,Vivaan,Verma,88,F,4528a85b75547f21,+91--XXXXXX-1100,XXXX-XXXX-6218,1938-06-03,Senior
P1105,Muhammad,Singh,63,F,c7142808ba8e5822,+91--XXXXXX-8427,XXXX-XXXX-4505,1963-05-04,Senior
P1106,Sara,Nair,11,F,e67306f809e9123e,+91--XXXXXX-0110,XXXX-XXXX-4161,2015-07-20,Child
P1107,Anika,Joshi,81,M,23756ffc3ed2a6a9,+91--XXXXXX-8148,XXXX-XXXX-2757,1945-01-24,Senior
P1108,Ishaan,Kulkarni,8,M,b7ab87e12ccd3806,+91--XXXXXX-1573,XXXX-XXXX-9702,2018-02-08,Child
P1109,Vivaan,Chatterjee,35,M,df511c56a67ecaf0,+91--XXXXXX-8471,XXXX-XXXX-4473,1991-10-10,Adult
P1110,Ira,Khan,35,F,b60ec6367de2fa7b,+91--XXXXXX-0929,XXXX-XXXX-1884,1991-05-28,Adult
P1111,Krishna,Sharma,33,F,3ab340ba4850512d,+91--XXXXXX-5000,XXXX-XXXX-0589,1993-06-15,Adult
P1112,Sara,Mishra,5,M,91a53379d419d42b,+91--XXXXXX-4545,XXXX-XXXX-9125,2021-11-03,Child
P1113,Anika,Pillai,41,F,5260ab1d32509cba,+91--XXXXXX-1466,XXXX-XXXX-8018,1985-03-10,Adult
P1114,Anika,Sharma,28,F,5043f456d5d4c317,+91--XXXXXX-4337,XXXX-XXXX-4249,1998-09-03,Adult
P1115,Sara,Singh,7,F,e73e018870c0a55e,+91--XXXXXX-9477,XXXX-XXXX-0109,2019-05-21,Child
P1116,Vivaan,Ghosh,73,F,00a7187e48abdc3d,+91--XXXXXX-8866,XXXX-XXXX-4710,1953-03-15,Senior
P1117,Aarav,Pillai,72,F,c5e479a00da0ebce,+91--XXXXXX-0974,XXXX-XXXX-2588,1954-02-11,Senior
P1118,Vivaan,Reddy,12,M,c5b48d3caad4883c,+91--XXXXXX-6899,XXXX-XXXX-9632,2014-06-19,Youth
P1119,Aditya,Joshi,34,F,3541a2bee390b931,+91--XXXXXX-5339,XXXX-XXXX-1687,1992-04-07,Adult
P1120,Aarav,Ghosh,33,M,189a61402b4049fb,+91--XXXXXX-6275,XXXX-XXXX-1624,1993-12-12,Adult
P1121,Riya,Gupta,48,F,e4b9584c3c54e06d,+91--XXXXXX-8655,XXXX-XXXX-1687,1978-09-09,Adult
P1122,Ananya,Verma,23,M,db76c86184a8c703,+91--XXXXXX-1258,XXXX-XXXX-9868,2003-01-02,Youth
P1123,Sara,Khan,62,F,f84b7ce8394c3a6d,+91--XXXXXX-3410,XXXX-XXXX-5952,1964-07-20,Senior
P1124,Myra,Verma,88,M,6af75dae321d830a,+91--XXXXXX-5317,XXXX-XXXX-5169,1938-05-26,Senior
P1125,Reyansh,Reddy,37,F,d2a58634d08cb721,+91--XXXXXX-1130,XXXX-XXXX-9623,1989-01-19,Adult
P1126,Ira,Gupta,44,M,e4b4b8c915213abc,+91--XXXXXX-3847,XXXX-XXXX-9702,1982-09-07,Adult
P1127,Myra,Singh,86,F,e8f2fa987169121d,+91--XXXXXX-0614,XXXX-XXXX-8549,1940-08-07,Senior
P1128,Diya,Patel,35,M,d11cb25ede6ec532,+91--XXXXXX-0979,XXXX-XXXX-5844,1991-02-19,Adult
P1129,Vivaan,Joshi,65,F,ea932de775d57665,+91--XXXXXX-5992,XXXX-XXXX-4733,1961-09-09,Senior
P1130,Shaurya,Sharma,47,M,564465cbf357f395,+91--XXXXXX-5716,XXXX-XXXX-3016,1979-06-23,Adult
P1131,Shaurya,Banerjee,78,M,eeebc2f7b8995b6b,+91--XXXXXX-4323,XXXX-XXXX-4540,1948-02-21,Senior
P1132,Ishaan,Banerjee,3,F,55a614a6c3373359,+91--XXXXXX-5376,XXXX-XXXX-4004,2023-10-20,Child
P1133,Sai,Banerjee,1,F,7740824a825bc08e,+91--XXXXXX-5745,XXXX-XXXX-3152,2025-12-15,Child
P1134,Ira,Verma,5,M,0a3941a6660d89e3,+91--XXXXXX-2787,XXXX-XXXX-8516,2021-11-04,Child
P1135,Shaurya,Banerjee,14,F,78f862a8c2ad0c62,+91--XXXXXX-2437,XXXX-XXXX-5499,2012-01-09,Youth
P1136,Aadhya,Verma,27,M,bcec67de9407d260,+91--XXXXXX-5490,XXXX-XXXX-4593,1999-04-05,Adult
P1137,Aditya,Iyer,9,M,07abae97a8b9b5ef,+91--XXXXXX-9624,XXXX-XXXX-9187,2017-09-23,Child
P1138,Saanvi,Mehta,79,M,c04bb22306030b67,+91--XXXXXX-1555,XXXX-XXXX-2587,1947-02-22,Senior
P1139,Aarav,Agarwal,15,F,5c74ef059d882945,+91--XXXXXX-7841,XXXX-XXXX-9087,2011-11-26,Youth
P1140,Shaurya,Singh,42,M,d1089d912842e796,+91--XXXXXX-6690,XXXX-XXXX-1801,1984-08-02,Adult
P1141,Sai,Kulkarni,77,M,b4107269bacbfb5f,+91--XXXXXX-1720,XXXX-XXXX-6337,1949-06-05,Senior
P1142,Saanvi,Naidu,51,F,2ddc0462df7e99eb,+91--XXXXXX-9930,XXXX-XXXX-8439,1975-06-19,Adult
P1143,Arjun,Nair,63,F,7ec1c628bec63ece,+91--XXXXXX-3770,XXXX-XXXX-8926,1963-09-16,Senior
P1144,Aadhya,Mehta,52,F,573cc27d0b6d1994,+91--XXXXXX-5362,XXXX-XXXX-2873,1974-04-10,Adult
P1145,Ananya,Pillai,4,F,1e46b53e122e36e4,+91--XXXXXX-3231,XXXX-XXXX-4351,2022-08-28,Child
P1146,Krishna,Khan,23,M,11ce899df17eb2bc,+91--XXXXXX-4276,XXXX-XXXX-3983,2003-08-07,Youth
P1147,Reyansh,Pillai,15,M,279ce929240fd0dd,+91--XXXXXX-4447,XXXX-XXXX-3854,2011-07-15,Youth
P1148,Muhammad,Chatterjee,43,M,58007b338422d339,+91--XXXXXX-5907,XXXX-XXXX-3556,1983-01-19,Adult
P1149,Ishaan,Nair,29,M,f58ad89f7832f4fc,+91--XXXXXX-5986,XXXX-XXXX-5369,1997-04-16,Adult
P1150,Anika,Agarwal,36,F,f5530140fd735cd3,+91--XXXXXX-2498,XXXX-XXXX-7280,1990-09-02,Adult
P1151,Krishna,Sharma,13,M,a6208e41ebbbfe0d,+91--XXXXXX-2588,XXXX-XXXX-8750,2013-10-21,Youth
P1152,Diya,Joshi,32,M,4436db2985235d26,+91--XXXXXX-1168,XXXX-XXXX-8484,1994-01-17,Adult
P1153,Ira,Kulkarni,71,F,4bf1d10235fd694e,+91--XXXXXX-8010,XXXX-XXXX-5461,1955-06-13,Senior
P1154,Myra,Chatterjee,59,M,06d7981d515ce6c8,+91--XXXXXX-1792,XXXX-XXXX-8700,1967-12-06,Adult
P1155,Diya,Naidu,86,M,2312a1014f884c08,+91--XXXXXX-6941,XXXX-XXXX-7401,1940-11-09,Senior
P1156,Reyansh,Mehta,28,M,9246e485c7553ae5,+91--XXXXXX-0427,XXXX-XXXX-2939,1998-07-22,Adult
P1157,Arjun,Agarwal,66,M,bb441be566bae697,+91--XXXXXX-1733,XXXX-XXXX-1599,1960-10-13,Senior
P1158,Muhammad,Joshi,42,M,da092132a045e296,+91--XXXXXX-4334,XXXX-XXXX-2961,1984-10-10,Adult
P1159,Arjun,Banerjee,45,M,0a1ecf49395a399b,+91--XXXXXX-7644,XXXX-XXXX-1047,1981-06-25,Adult
P1160,Ananya,Joshi,62,F,e6b6abab6306f3af,+91--XXXXXX-8314,XXXX-XXXX-1015,1964-09-03,Senior
P1161,Krishna,Agarwal,57,F,5cb2f137e28d8c07,+91--XXXXXX-6070,XXXX-XXXX-8262,1969-03-09,Adult
P1162,Reyansh,Reddy,6,M,d0d8b947b8aa53e1,+91--XXXXXX-7801,XXXX-XXXX-1543,2020-12-21,Child
P1163,Anika,Naidu,28,M,34e0025276f1b213,+91--XXXXXX-5191,XXXX-XXXX-5756,1998-11-20,Adult
P1164,Sara,Kulkarni,28,F,f2194f94a4ce1ffd,+91--XXXXXX-1586,XXXX-XXXX-7935,1998-07-09,Adult
P1165,Ira,Singh,44,M,d736d26c2cc6c8e2,+91--XXXXXX-6118,XXXX-XXXX-3741,1982-07-22,Adult
P1166,Krishna,Banerjee,84,M,e2e3bc2c7af9d802,+91--XXXXXX-9397,XXXX-XXXX-9796,1942-09-17,Senior
P1167,Riya,Mehta,30,M,b96fa0ea39d49c89,+91--XXXXXX-0118,XXXX-XXXX-9096,1996-06-26,Adult
P1168,Myra,Agarwal,62,F,248b3fb2e03f10e5,+91--XXXXXX-5589,XXXX-XXXX-3756,1964-08-25,Senior
P1169,Krishna,Reddy,75,M,22a6f3f5877065be,+91--XXXXXX-5910,XXXX-XXXX-5457,1951-04-17,Senior
P1170,Aditya,Mehta,89,F,e704a370b8ea6bb4,+91--XXXXXX-5626,XXXX-XXXX-0512,1937-12-08,Senior
P1171,Ishaan,Banerjee,62,M,79b8078d3d80afd0,+91--XXXXXX-9167,XXXX-XXXX-2660,1964-12-20,Senior
P1172,Sara,Banerjee,1,F,ffbd8d5d406faf35,+91--XXXXXX-3300,XXXX-XXXX-1825,2025-06-07,Child
P1173,Aadhya,Mehta,27,F,1f918a2b766f512a,+91--XXXXXX-9808,XXXX-XXXX-1557,1999-10-06,Adult
P1174,Shaurya,Naidu,62,M,07c7635fe3890b88,+91--XXXXXX-2704,XXXX-XXXX-2866,1964-10-05,Senior
P1175,Muhammad,Mishra,77,F,710cc2b54f441eaf,+91--XXXXXX-4434,XXXX-XXXX-2257,1949-10-02,Senior
P1176,Riya,Patel,3,M,8ac8254588c0efb6,+91--XXXXXX-4871,XXXX-XXXX-6772,2023-02-19,Child
P1177,Reyansh,Patel,70,F,cfc544937f68066d,+91--XXXXXX-9152,XXXX-XXXX-7881,1956-10-04,Senior
P1178,Kavya,Naidu,72,M,1657f5c97abc9972,+91--XXXXXX-4641,XXXX-XXXX-0745,1954-02-15,Senior
P1179,Sai,Naidu,27,M,0ce7f5827bfa13b1,+91--XXXXXX-0416,XXXX-XXXX-0422,1999-04-05,Adult
P1180,Anika,Gupta,9,F,fa133d04f1f10be0,+91--XXXXXX-6034,XXXX-XXXX-1168,2017-12-09,Child
P1181,Shaurya,Chatterjee,62,M,b582df4522bd0e47,+91--XXXXXX-3772,XXXX-XXXX-6363,1964-08-09,Senior
P1182,Aarav,Das,37,M,32738141d77ae82f,+91--XXXXXX-1837,XXXX-XXXX-1701,1989-03-15,Adult
P1183,Shaurya,Pillai,51,F,0c7e3b867c9f530c,+91--XXXXXX-6003,XXXX-XXXX-1520,1975-07-21,Adult
P1184,Shaurya,Singh,44,M,02a748fb5e1e212b,+91--XXXXXX-3210,XXXX-XXXX-3870,1982-01-23,Adult
P1185,Aditya,Kulkarni,24,M,ab02b23fbe02aa2a,+91--XXXXXX-6129,XXXX-XXXX-5542,2002-07-25,Youth
P1186,Sara,Mishra,79,F,331e72d35a39652a,+91--XXXXXX-6403,XXXX-XXXX-2697,1947-04-03,Senior
P1187,Aditya,Das,59,F,0f1b521a39d23ef7,+91--XXXXXX-2366,XXXX-XXXX-4138,1967-10-20,Adult
P1188,Ananya,Agarwal,32,M,fcd395b2fb28056b,+91--XXXXXX-2291,XXXX-XXXX-4037,1994-07-04,Adult
P1189,Aditya,Mehta,88,M,82e77bed25a5f04a,+91--XXXXXX-5687,XXXX-XXXX-9658,1938-11-06,Senior
P1190,Aarav,Ghosh,52,F,a5cea38a8f621659,+91--XXXXXX-0106,XXXX-XXXX-8486,1974-07-23,Adult
P1191,Aditya,Mishra,62,F,0e17903034313286,+91--XXXXXX-1674,XXXX-XXXX-8328,1964-06-13,Senior
P1192,Aarav,Iyer,58,M,ef5751f0187eb566,+91--XXXXXX-1955,XXXX-XXXX-9904,1968-11-24,Adult
P1193,Ira,Das,52,F,548be36cabd3dbff,+91--XXXXXX-8909,XXXX-XXXX-2524,1974-12-04,Adult
P1194,Ananya,Das,12,M,bd5fabc704b702f4,+91--XXXXXX-5455,XXXX-XXXX-7850,2014-08-28,Youth
P1195,Aditya,Das,39,M,f8933c6aaee8c4e4,+91--XXXXXX-1749,XXXX-XXXX-0030,1987-08-12,Adult
P1196,Shaurya,Patel,2,M,4bce8d168d372f01,+91--XXXXXX-7835,XXXX-XXXX-4195,2024-02-17,Child
P1197,Krishna,Nair,3,M,9730406a930cb7e9,+91--XXXXXX-3129,XXXX-XXXX-1870,2023-06-07,Child
P1198,Kavya,Naidu,56,M,3dfa16e100d9a08c,+91--XXXXXX-3665,XXXX-XXXX-3206,1970-01-08,Adult
P1199,Aditya,Pillai,81,F,4ee11d07a63d229c,+91--XXXXXX-7348,XXXX-XXXX-3670,1945-03-23,Senior
P1200,Saanvi,Kulkarni,59,F,58d273bb73d89368,+91--XXXXXX-7549,XXXX-XXXX-8261,1967-10-19,Adult
P1201,Myra,Reddy,2,F,f0fa5783c4d7a3b2,+91--XXXXXX-3744,XXXX-XXXX-7431,2024-04-05,Child
P1202,Aarav,Mishra,2,F,a5de1f4963ce7751,+91--XXXXXX-0811,XXXX-XXXX-5374,2024-08-09,Child
P1203,Aadhya,Nair,54,M,cd06948525c88ef8,+91--XXXXXX-8221,XXXX-XXXX-5680,1972-11-10,Adult
P1204,Shaurya,Sharma,87,M,05658cd09d2a7d9b,+91--XXXXXX-4137,XXXX-XXXX-2100,1939-04-05,Senior
P1205,Sai,Naidu,1,M,3ecc8b4759f2287d,+91--XXXXXX-9381,XXXX-XXXX-7215,2025-02-02,Child
P1206,Diya,Banerjee,19,M,59cacc4a2980b548,+91--XXXXXX-7032,XXXX-XXXX-5324,2007-05-15,Youth
P1207,Sai,Ghosh,2,F,7acb8e52d3087ab5,+91--XXXXXX-1912,XXXX-XXXX-0146,2024-03-14,Child
P1208,Aarav,Joshi,53,M,21100e6df5d46d08,+91--XXXXXX-7364,XXXX-XXXX-9856,1973-05-06,Adult
P1209,Arjun,Mishra,44,M,1a7d93c2522faffb,+91--XXXXXX-8802,XXXX-XXXX-3213,1982-11-08,Adult
P1210,Saanvi,Sharma,32,F,b9708f36dd711ba7,+91--XXXXXX-2140,XXXX-XXXX-5590,1994-12-23,Adult
P1211,Ishaan,Agarwal,70,F,e2295659dec86930,+91--XXXXXX-3564,XXXX-XXXX-0393,1956-01-17,Senior
P1212,Shaurya,Joshi,32,F,1f313a06b8ca3eec,+91--XXXXXX-6659,XXXX-XXXX-2921,1994-09-28,Adult
P1213,Sai,Pillai,68,F,a5d6893e64a5889d,+91--XXXXXX-0044,XXXX-XXXX-6752,1958-12-18,Senior
P1214,Riya,Mishra,55,M,3a78e0c137bb0106,+91--XXXXXX-9130,XXXX-XXXX-9690,1971-03-20,Adult
P1215,Ira,Naidu,75,M,31570041c27871fd,+91--XXXXXX-5488,XXXX-XXXX-5215,1951-08-01,Senior
P1216,Riya,Sharma,56,F,c227badca68422bc,+91--XXXXXX-2460,XXXX-XXXX-6267,1970-07-12,Adult
P1217,Krishna,Iyer,17,M,13b4bbae62fba670,+91--XXXXXX-9884,XXXX-XXXX-6296,2009-03-02,Youth
P1218,Ira,Iyer,38,M,06b488e007a8018a,+91--XXXXXX-8138,XXXX-XXXX-1069,1988-09-27,Adult
P1219,Muhammad,Nair,24,M,a42adaa67948e6b3,+91--XXXXXX-4142,XXXX-XXXX-1032,2002-11-10,Youth
P1220,Shaurya,Singh,69,F,0824bed2b9a63297,+91--XXXXXX-6766,XXXX-XXXX-2565,1957-03-15,Senior
P1221,Diya,Nair,70,M,c3b6ad5378093ae6,+91--XXXXXX-7680,XXXX-XXXX-1586,1956-10-08,Senior
P1222,Muhammad,Verma,86,F,a97961124bab3983,+91--XXXXXX-2006,XXXX-XXXX-1608,1940-10-17,Senior
P1223,Sara,Das,11,M,88ed8cbd210bb0a8,+91--XXXXXX-1674,XXXX-XXXX-1632,2015-10-09,Child
P1224,Aadhya,Ghosh,16,M,5eee63d28a0a19ce,+91--XXXXXX-5007,XXXX-XXXX-0998,2010-07-04,Youth
P1225,Muhammad,Gupta,73,M,b4d093b0fb32446c,+91--XXXXXX-8258,XXXX-XXXX-8564,1953-07-21,Senior
P1226,Kavya,Chatterjee,59,F,981fb8d84d070e9b,+91--XXXXXX-8456,XXXX-XXXX-6530,1967-12-16,Adult
P1227,Aadhya,Reddy,70,M,55669036e62f4dcb,+91--XXXXXX-4902,XXXX-XXXX-4754,1956-12-14,Senior
P1228,Anika,Iyer,80,F,c16d16b1a30437fb,+91--XXXXXX-4412,XXXX-XXXX-2148,1946-07-05,Senior
P1229,Arjun,Das,3,F,7c6aaf4317bbb2da,+91--XXXXXX-9068,XXXX-XXXX-3457,2023-09-13,Child
P1230,Kavya,Mehta,20,F,2ab00c47a1b535ae,+91--XXXXXX-9054,XXXX-XXXX-5524,2006-12-27,Youth
P1231,Riya,Das,59,M,0980455ee6928934,+91--XXXXXX-4736,XXXX-XXXX-4680,1967-11-01,Adult
P1232,Ishaan,Kulkarni,36,M,1d7e8cb55093d16d,+91--XXXXXX-9916,XXXX-XXXX-6657,1990-05-07,Adult
P1233,Ishaan,Agarwal,19,M,049e3f576b43cf10,+91--XXXXXX-3833,XXXX-XXXX-8994,2007-05-22,Youth
P1234,Ananya,Banerjee,67,M,422b67c756e35630,+91--XXXXXX-4512,XXXX-XXXX-8309,1959-07-22,Senior
P1235,Arjun,Ghosh,19,F,51a790778ca8e48d,+91--XXXXXX-1936,XXXX-XXXX-9935,2007-12-23,Youth
P1236,Myra,Sharma,20,F,6b53e838a233c7d7,+91--XXXXXX-3281,XXXX-XXXX-7248,2006-03-22,Youth
P1237,Ishaan,Kulkarni,71,F,0ee07c0bda19ed6b,+91--XXXXXX-2021,XXXX-XXXX-2235,1955-07-19,Senior
P1238,Ishaan,Mishra,52,M,321f5a29db0c3054,+91--XXXXXX-4150,XXXX-XXXX-7432,1974-10-25,Adult
P1239,Ananya,Singh,33,F,03569e673cfeba05,+91--XXXXXX-3786,XXXX-XXXX-6008,1993-04-24,Adult
P1240,Anika,Ghosh,40,M,fea167f3a68effd8,+91--XXXXXX-3716,XXXX-XXXX-2168,1986-10-10,Adult
P1241,Aadhya,Chatterjee,39,F,472df32dd816b1a2,+91--XXXXXX-5578,XXXX-XXXX-6257,1987-06-25,Adult
P1242,Ishaan,Nair,82,M,44378609c65558b8,+91--XXXXXX-7294,XXXX-XXXX-8215,1944-12-21,Senior
P1243,Aadhya,Chatterjee,1,M,1d52930066212f60,+91--XXXXXX-9531,XXXX-XXXX-0167,2025-07-04,Child
P1244,Saanvi,Singh,11,F,6d7fcb600d9015ae,+91--XXXXXX-9184,XXXX-XXXX-9926,2015-02-17,Child
P1245,Arjun,Chatterjee,57,F,a46b3ee7ad56a1d2,+91--XXXXXX-4082,XXXX-XXXX-3564,1969-03-02,Adult
P1246,Ira,Iyer,89,F,70519f84a76a4dce,+91--XXXXXX-9714,XXXX-XXXX-7218,1937-02-24,Senior
P1247,Arjun,Agarwal,50,F,a1f5352f7169d6fc,+91--XXXXXX-1361,XXXX-XXXX-0455,1976-07-24,Adult
P1248,Saanvi,Gupta,23,M,af95cdc59b5547fe,+91--XXXXXX-5345,XXXX-XXXX-4155,2003-03-04,Youth
P1249,Kavya,Pillai,31,F,48c269dd14b72c0c,+91--XXXXXX-4687,XXXX-XXXX-2169,1995-08-26,Adult
P1250,Arjun,Singh,42,F,7a47a998b5696ca3,+91--XXXXXX-7041,XXXX-XXXX-1670,1984-02-09,Adult
P1251,Aarav,Pillai,7,F,91a035d5cb24161f,+91--XXXXXX-4312,XXXX-XXXX-1637,2019-06-22,Child
P1252,Aadhya,Agarwal,16,M,9165c42689acecf5,+91--XXXXXX-0851,XXXX-XXXX-2175,2010-04-11,Youth
P1253,Aditya,Mishra,60,M,9040383b97b2aaeb,+91--XXXXXX-4244,XXXX-XXXX-1994,1966-09-18,Senior
P1254,Muhammad,Khan,2,F,ae452a8bc941eb83,+91--XXXXXX-9408,XXXX-XXXX-7571,2024-02-25,Child
P1255,Aadhya,Chatterjee,1,M,00e6c1409aada4aa,+91--XXXXXX-9415,XXXX-XXXX-7261,2025-05-20,Child
P1256,Krishna,Mehta,48,F,8090cfcd31f631fd,+91--XXXXXX-9816,XXXX-XXXX-9177,1978-11-19,Adult
P1257,Ishaan,Banerjee,12,M,d0a459845545759e,+91--XXXXXX-3177,XXXX-XXXX-2922,2014-02-13,Youth
P1258,Diya,Pillai,69,M,40924dbfed692384,+91--XXXXXX-4117,XXXX-XXXX-7226,1957-10-23,Senior
P1259,Reyansh,Pillai,37,M,070c48b4be50872e,+91--XXXXXX-3780,XXXX-XXXX-5228,1989-09-23,Adult
P1260,Ananya,Mishra,32,M,86434f8ba123fe0a,+91--XXXXXX-5967,XXXX-XXXX-6081,1994-01-13,Adult
P1261,Saanvi,Nair,9,F,d2df6f12c536a0ed,+91--XXXXXX-9947,XXXX-XXXX-4380,2017-06-27,Child
P1262,Vivaan,Ghosh,19,F,cc0422d3e2587db7,+91--XXXXXX-1819,XXXX-XXXX-6665,2007-09-02,Youth
P1263,Riya,Das,48,F,814d96171200ba8f,+91--XXXXXX-3243,XXXX-XXXX-3472,1978-11-03,Adult
P1264,Anika,Ghosh,80,M,64ceadccd6b266cd,+91--XXXXXX-5590,XXXX-XXXX-2294,1946-01-11,Senior
P1265,Aarav,Nair,3,F,d147f22d6948043f,+91--XXXXXX-5885,XXXX-XXXX-8515,2023-09-08,Child
P1266,Aditya,Kulkarni,20,F,d6d9965455a91325,+91--XXXXXX-8354,XXXX-XXXX-3355,2006-06-10,Youth
P1267,Saanvi,Khan,24,F,be8d47a666fde68b,+91--XXXXXX-8525,XXXX-XXXX-0561,2002-07-09,Youth
P1268,Krishna,Kulkarni,54,M,a189af6a3d97664e,+91--XXXXXX-7569,XXXX-XXXX-3581,1972-02-06,Adult
P1269,Aarav,Verma,33,M,a90de760271b3e8c,+91--XXXXXX-4268,XXXX-XXXX-1207,1993-12-11,Adult
P1270,Reyansh,Nair,24,M,193e61f908d3a069,+91--XXXXXX-9475,XXXX-XXXX-6676,2002-07-11,Youth
P1271,Muhammad,Pillai,75,F,4d78fa95382dd25a,+91--XXXXXX-9013,XXXX-XXXX-5814,1951-11-10,Senior
P1272,Sai,Chatterjee,72,F,bbec9453ad40f959,+91--XXXXXX-7050,XXXX-XXXX-2684,1954-11-05,Senior
P1273,Kavya,Banerjee,36,F,c73e8e2eb4b6ac1a,+91--XXXXXX-2445,XXXX-XXXX-6881,1990-05-07,Adult
P1274,Sara,Ghosh,38,M,10b6f49af07afc7b,+91--XXXXXX-4388,XXXX-XXXX-1290,1988-09-15,Adult
P1275,Anika,Iyer,84,M,9ecb7f7dc6759cd0,+91--XXXXXX-5927,XXXX-XXXX-2314,1942-10-03,Senior
P1276,Kavya,Mishra,89,F,e03a86b825510fa7,+91--XXXXXX-9527,XXXX-XXXX-5562,1937-01-11,Senior
P1277,Sai,Mishra,25,M,d653205f3a77b648,+91--XXXXXX-7990,XXXX-XXXX-5478,2001-02-06,Adult
P1278,Aditya,Naidu,18,M,130dba1c21d90dd4,+91--XXXXXX-9071,XXXX-XXXX-0996,2008-10-07,Youth
P1279,Ira,Reddy,82,M,837a432267db06b1,+91--XXXXXX-5743,XXXX-XXXX-2788,1944-02-13,Senior
P1280,Anika,Pillai,66,M,07913c6c4f125a9e,+91--XXXXXX-5609,XXXX-XXXX-9927,1960-06-02,Senior
P1281,Krishna,Joshi,54,F,95abded6cb6cbc16,+91--XXXXXX-9570,XXXX-XXXX-6770,1972-01-21,Adult
P1282,Kavya,Chatterjee,35,M,6507d8e400dd7871,+91--XXXXXX-1043,XXXX-XXXX-6591,1991-09-09,Adult
P1283,Sara,Mishra,80,M,600a8063892add6b,+91--XXXXXX-9982,XXXX-XXXX-2723,1946-02-17,Senior
P1284,Vivaan,Mishra,61,M,1bd1d3e2392022b1,+91--XXXXXX-9410,XXXX-XXXX-1777,1965-04-19,Senior
P1285,Riya,Agarwal,41,M,c94d45f4e63e2f8d,+91--XXXXXX-1254,XXXX-XXXX-0920,1985-03-09,Adult
P1286,Aditya,Mishra,33,F,ca47487716e0c38e,+91--XXXXXX-5234,XXXX-XXXX-7236,1993-10-05,Adult
P1287,Ishaan,Kulkarni,68,F,88708a76dda2513e,+91--XXXXXX-8506,XXXX-XXXX-3662,1958-02-01,Senior
P1288,Riya,Khan,33,M,4c0ede49b1aab751,+91--XXXXXX-2850,XXXX-XXXX-8811,1993-08-22,Adult
P1289,Reyansh,Reddy,14,M,8c56c419f980a8e2,+91--XXXXXX-0779,XXXX-XXXX-7659,2012-12-25,Youth
P1290,Aditya,Mishra,21,M,2b965472e11d121c,+91--XXXXXX-5760,XXXX-XXXX-6430,2005-12-24,Youth
P1291,Anika,Verma,48,M,54f69814b5e65a35,+91--XXXXXX-0039,XXXX-XXXX-6944,1978-09-14,Adult
P1292,Myra,Ghosh,20,M,43db308d0b0daa01,+91--XXXXXX-1875,XXXX-XXXX-5887,2006-05-10,Youth
P1293,Aditya,Reddy,8,M,3fc13d47098a2806,+91--XXXXXX-4997,XXXX-XXXX-8658,2018-10-23,Child
P1294,Ira,Naidu,7,F,0db0d840cae8246c,+91--XXXXXX-6891,XXXX-XXXX-4351,2019-10-02,Child
P1295,Muhammad,Agarwal,67,M,928ade69bd3f3e15,+91--XXXXXX-0529,XXXX-XXXX-3843,1959-01-26,Senior
P1296,Aarav,Joshi,17,F,ef2609faafa84bff,+91--XXXXXX-5221,XXXX-XXXX-6566,2009-10-07,Youth
P1297,Anika,Khan,33,F,98f626ba46b79784,+91--XXXXXX-7770,XXXX-XXXX-4393,1993-08-13,Adult
P1298,Ananya,Kulkarni,48,M,f0f978d61a1595c8,+91--XXXXXX-2052,XXXX-XXXX-5184,1978-09-27,Adult
P1299,Aadhya,Mishra,76,F,fffabf34e6af5b08,+91--XXXXXX-2835,XXXX-XXXX-9071,1950-05-03,Senior
P1300,Vivaan,Agarwal,59,F,36b3a8f6d5c39aa5,+91--XXXXXX-9775,XXXX-XXXX-3416,1967-11-24,Adult
P1301,Reyansh,Patel,86,F,d1b2d9c56f0fd02d,+91--XXXXXX-5137,XXXX-XXXX-3733,1940-12-08,Senior
P1302,Arjun,Kulkarni,22,F,c53d407ae116efef,+91--XXXXXX-9712,XXXX-XXXX-7908,2004-01-28,Youth
P1303,Ira,Nair,30,F,a17bafdd20ca796f,+91--XXXXXX-6631,XXXX-XXXX-6392,1996-01-17,Adult
P1304,Myra,Khan,38,F,f4bbe23f79ad1d3f,+91--XXXXXX-5164,XXXX-XXXX-7500,1988-11-07,Adult
P1305,Shaurya,Kulkarni,51,M,3f2d1b169c6f741b,+91--XXXXXX-4459,XXXX-XXXX-7955,1975-03-16,Adult
P1306,Shaurya,Verma,54,F,300d87107385ced2,+91--XXXXXX-7617,XXXX-XXXX-9314,1972-04-18,Adult
P1307,Aadhya,Iyer,8,F,ab5d449487a93319,+91--XXXXXX-1278,XXXX-XXXX-8857,2018-05-09,Child
P1308,Sai,Mishra,27,F,35315dac111212fd,+91--XXXXXX-0790,XXXX-XXXX-5455,1999-09-18,Adult
P1309,Ananya,Agarwal,27,M,456bff707ee8315d,+91--XXXXXX-8026,XXXX-XXXX-2455,1999-11-17,Adult
P1310,Aarav,Singh,21,F,3001382f41cd3266,+91--XXXXXX-9438,XXXX-XXXX-9961,2005-02-06,Youth
P1311,Anika,Joshi,30,M,1f81f8179d3b0b4a,+91--XXXXXX-8800,XXXX-XXXX-9876,1996-03-06,Adult
P1312,Sara,Verma,28,F,1df78a5fdd6b13d6,+91--XXXXXX-9680,XXXX-XXXX-1780,1998-01-25,Adult
P1313,Aarav,Nair,64,M,fd821ef3e22603b4,+91--XXXXXX-2272,XXXX-XXXX-4722,1962-09-27,Senior
P1314,Anika,Joshi,69,M,04bce6a60c7bfc1d,+91--XXXXXX-7372,XXXX-XXXX-2829,1957-10-15,Senior
P1315,Kavya,Agarwal,61,F,90e6e30df8bdd055,+91--XXXXXX-0684,XXXX-XXXX-4564,1965-03-10,Senior
P1316,Aadhya,Khan,48,F,f3d87e0d2791e8bb,+91--XXXXXX-6534,XXXX-XXXX-4064,1978-10-08,Adult
P1317,Ananya,Chatterjee,19,M,ad49dc0b78ffbf1f,+91--XXXXXX-6546,XXXX-XXXX-3416,2007-11-08,Youth
P1318,Shaurya,Ghosh,4,F,215e4baf44a424bc,+91--XXXXXX-9440,XXXX-XXXX-1797,2022-05-23,Child
P1319,Kavya,Chatterjee,35,M,4fe1b3d967f6c79f,+91--XXXXXX-7382,XXXX-XXXX-4427,1991-12-01,Adult
P1320,Arjun,Gupta,64,M,cdf0b05fc17dcd36,+91--XXXXXX-5387,XXXX-XXXX-7051,1962-03-02,Senior
P1321,Anika,Kulkarni,49,M,a6768e2bbaaf1fc1,+91--XXXXXX-8733,XXXX-XXXX-3673,1977-12-02,Adult
P1322,Krishna,Iyer,17,M,c65106a3e115aac2,+91--XXXXXX-6822,XXXX-XXXX-0881,2009-05-16,Youth
P1323,Shaurya,Verma,44,M,7ae5d2b77a4579f3,+91--XXXXXX-5172,XXXX-XXXX-4916,1982-04-01,Adult
P1324,Saanvi,Naidu,30,F,a10da4add96bbb8a,+91--XXXXXX-0893,XXXX-XXXX-9500,1996-06-21,Adult
P1325,Ananya,Banerjee,46,M,6a8446fb4c68a62f,+91--XXXXXX-6204,XXXX-XXXX-6524,1980-01-16,Adult
P1326,Anika,Kulkarni,6,M,d479281d9c895a42,+91--XXXXXX-6272,XXXX-XXXX-4982,2020-02-17,Child
P1327,Anika,Joshi,37,F,f7f2f8b7f489169d,+91--XXXXXX-6097,XXXX-XXXX-0959,1989-04-11,Adult
P1328,Aditya,Das,24,M,dce8cf30cce76a18,+91--XXXXXX-0775,XXXX-XXXX-5118,2002-11-03,Youth
P1329,Arjun,Sharma,46,F,9da2d3d82e3f0b42,+91--XXXXXX-1951,XXXX-XXXX-6789,1980-12-19,Adult
P1330,Myra,Agarwal,53,F,308856001b1e7248,+91--XXXXXX-9637,XXXX-XXXX-0586,1973-06-26,Adult
P1331,Aadhya,Naidu,60,F,4f4a1f0e96761ec8,+91--XXXXXX-1793,XXXX-XXXX-3863,1966-04-17,Senior
P1332,Kavya,Joshi,63,M,b80c7e076cdd7573,+91--XXXXXX-5093,XXXX-XXXX-3983,1963-07-25,Senior
P1333,Kavya,Sharma,85,M,2a9a0691051f7a1f,+91--XXXXXX-6226,XXXX-XXXX-8240,1941-05-08,Senior
P1334,Myra,Iyer,32,M,3bb570d21054456b,+91--XXXXXX-1671,XXXX-XXXX-0752,1994-03-09,Adult
P1335,Aadhya,Pillai,87,F,06c1a4d23aaa9609,+91--XXXXXX-5561,XXXX-XXXX-5727,1939-12-23,Senior
P1336,Arjun,Iyer,33,M,339347e14486723a,+91--XXXXXX-4632,XXXX-XXXX-6613,1993-12-21,Adult
P1337,Vivaan,Chatterjee,67,F,7cc6c53a5a695986,+91--XXXXXX-1093,XXXX-XXXX-2583,1959-03-02,Senior
P1338,Aarav,Naidu,18,M,7888b415d119aacd,+91--XXXXXX-6009,XXXX-XXXX-2251,2008-08-19,Youth
P1339,Shaurya,Gupta,25,F,234e45f053246924,+91--XXXXXX-9481,XXXX-XXXX-3769,2001-04-18,Adult
P1340,Anika,Chatterjee,54,M,1929bf1fed26ab15,+91--XXXXXX-3853,XXXX-XXXX-6553,1972-06-12,Adult
P1341,Riya,Das,58,M,e9d906253b74c496,+91--XXXXXX-8998,XXXX-XXXX-0335,1968-03-25,Adult
P1342,Reyansh,Nair,67,M,8f1ebf735f0978c6,+91--XXXXXX-9729,XXXX-XXXX-4770,1959-06-07,Senior
P1343,Ira,Das,46,F,8e88cb80e4bfda82,+91--XXXXXX-0034,XXXX-XXXX-6980,1980-05-06,Adult
P1344,Aarav,Reddy,24,F,d1fbb61d87c60498,+91--XXXXXX-5749,XXXX-XXXX-5104,2002-11-13,Youth
P1345,Aarav,Das,32,M,b81c9f74ba3055bf,+91--XXXXXX-1020,XXXX-XXXX-8780,1994-01-08,Adult
P1346,Anika,Mishra,47,M,6d934feab70ab903,+91--XXXXXX-7668,XXXX-XXXX-3840,1979-11-09,Adult
P1347,Ananya,Khan,86,F,e510eec63f3478f4,+91--XXXXXX-1587,XXXX-XXXX-8936,1940-04-19,Senior
P1348,Shaurya,Naidu,23,F,cdfd57b7506d8365,+91--XXXXXX-8436,XXXX-XXXX-8324,2003-12-23,Youth
P1349,Myra,Nair,66,F,cfa899f035354b9d,+91--XXXXXX-8017,XXXX-XXXX-2520,1960-06-14,Senior
P1350,Diya,Verma,27,M,4885b588a1af1bb9,+91--XXXXXX-2443,XXXX-XXXX-9499,1999-10-08,Adult
P1351,Arjun,Khan,2,F,b940acd7efe55383,+91--XXXXXX-0275,XXXX-XXXX-5267,2024-08-05,Child
P1352,Sai,Gupta,17,M,56e2145842295fb4,+91--XXXXXX-8848,XXXX-XXXX-1279,2009-08-23,Youth
P1353,Ishaan,Kulkarni,33,F,cf5f967d2bbf30c3,+91--XXXXXX-2130,XXXX-XXXX-9988,1993-11-23,Adult
P1354,Ira,Naidu,9,M,f35eba8eee8c22a6,+91--XXXXXX-2105,XXXX-XXXX-6803,2017-05-15,Child
P1355,Ishaan,Iyer,43,F,7d84050964fcbe47,+91--XXXXXX-9364,XXXX-XXXX-2771,1983-12-17,Adult
P1356,Ananya,Reddy,48,F,5d231ba1eb5bd1db,+91--XXXXXX-6197,XXXX-XXXX-2793,1978-08-03,Adult
P1357,Aditya,Verma,39,F,6b1f196ef07a24b2,+91--XXXXXX-5930,XXXX-XXXX-6892,1987-07-18,Adult
P1358,Ishaan,Banerjee,42,F,2125a99b392b003b,+91--XXXXXX-3247,XXXX-XXXX-6447,1984-05-21,Adult
P1359,Anika,Chatterjee,26,F,88e589feb94bbd23,+91--XXXXXX-3318,XXXX-XXXX-8097,2000-04-07,Adult
P1360,Diya,Verma,50,M,603c98809733b410,+91--XXXXXX-7988,XXXX-XXXX-4983,1976-01-06,Adult
P1361,Anika,Patel,25,F,a794d07e0643a73e,+91--XXXXXX-0705,XXXX-XXXX-1016,2001-03-06,Adult
P1362,Aditya,Ghosh,24,F,b5072c78f6a4b622,+91--XXXXXX-5267,XXXX-XXXX-1681,2002-05-16,Youth
P1363,Sara,Iyer,13,F,5402b5ce9e25991f,+91--XXXXXX-1941,XXXX-XXXX-0198,2013-02-16,Youth
P1364,Aarav,Ghosh,60,M,5f46e5928ce6aa52,+91--XXXXXX-5314,XXXX-XXXX-9978,1966-12-21,Senior
P1365,Anika,Das,7,F,740771d0af3c2312,+91--XXXXXX-2309,XXXX-XXXX-7139,2019-07-14,Child
P1366,Myra,Gupta,57,M,546b2f97312aa04e,+91--XXXXXX-3873,XXXX-XXXX-4885,1969-01-04,Adult
P1367,Reyansh,Das,36,F,b990a03035dd355c,+91--XXXXXX-4727,XXXX-XXXX-7027,1990-03-21,Adult
P1368,Myra,Pillai,45,F,86e055831f04e5b5,+91--XXXXXX-3456,XXXX-XXXX-0395,1981-06-03,Adult
P1369,Myra,Joshi,20,M,f7c8c73917d2d83d,+91--XXXXXX-1933,XXXX-XXXX-9145,2006-12-02,Youth
P1370,Myra,Nair,65,F,bc6c109d02834fa7,+91--XXXXXX-8413,XXXX-XXXX-2150,1961-04-03,Senior
P1371,Diya,Joshi,8,M,3fe988958449af30,+91--XXXXXX-6858,XXXX-XXXX-5218,2018-11-05,Child
P1372,Arjun,Nair,16,M,534b8da26059e918,+91--XXXXXX-3074,XXXX-XXXX-5701,2010-09-25,Youth
P1373,Sara,Patel,14,F,d3f9f81d44f1d47d,+91--XXXXXX-0147,XXXX-XXXX-5714,2012-03-06,Youth
P1374,Aditya,Verma,76,M,bda8dd1716bf85c9,+91--XXXXXX-1768,XXXX-XXXX-5424,1950-10-08,Senior
P1375,Krishna,Sharma,87,F,494a7de8322e4684,+91--XXXXXX-9109,XXXX-XXXX-0160,1939-02-14,Senior
P1376,Krishna,Iyer,15,F,e48aca79247d815c,+91--XXXXXX-1801,XXXX-XXXX-8179,2011-03-03,Youth
P1377,Shaurya,Nair,66,M,c5b431a1be7f6516,+91--XXXXXX-9779,XXXX-XXXX-5625,1960-06-15,Senior
P1378,Aditya,Iyer,32,M,2e3cd261db3dd95f,+91--XXXXXX-5347,XXXX-XXXX-9928,1994-02-13,Adult
P1379,Kavya,Sharma,87,M,7faa0763a3962c54,+91--XXXXXX-1367,XXXX-XXXX-9382,1939-08-13,Senior
P1380,Reyansh,Khan,63,M,d62cb14df7d07e4c,+91--XXXXXX-4003,XXXX-XXXX-1971,1963-10-20,Senior
P1381,Vivaan,Mehta,86,F,9ab39e2107e5f325,+91--XXXXXX-0884,XXXX-XXXX-9657,1940-11-22,Senior
P1382,Anika,Iyer,51,F,890d99da4610f33f,+91--XXXXXX-8861,XXXX-XXXX-6997,1975-04-07,Adult
P1383,Arjun,Nair,25,M,deacacda8002945b,+91--XXXXXX-9631,XXXX-XXXX-6240,2001-06-18,Adult
P1384,Kavya,Khan,58,F,3423b1375328ed46,+91--XXXXXX-0739,XXXX-XXXX-6566,1968-07-14,Adult
P1385,Reyansh,Das,63,F,e7562b1492b9850a,+91--XXXXXX-0600,XXXX-XXXX-2422,1963-01-03,Senior
P1386,Riya,Gupta,62,F,a3158a4188179bf8,+91--XXXXXX-2101,XXXX-XXXX-6927,1964-09-14,Senior
P1387,Anika,Sharma,22,F,d349806de70af23a,+91--XXXXXX-4285,XXXX-XXXX-3846,2004-09-19,Youth
P1388,Reyansh,Das,58,M,303e32be107c6167,+91--XXXXXX-7269,XXXX-XXXX-8478,1968-02-17,Adult
P1389,Muhammad,Chatterjee,58,M,6a105c8d8dac8ccf,+91--XXXXXX-5107,XXXX-XXXX-8077,1968-09-16,Adult
P1390,Aarav,Mehta,86,F,5155c14e5e7010a3,+91--XXXXXX-2605,XXXX-XXXX-4079,1940-03-19,Senior
P1391,Aadhya,Mishra,49,M,cbeace69bbb4b38b,+91--XXXXXX-5231,XXXX-XXXX-4429,1977-05-09,Adult
P1392,Riya,Iyer,52,M,b33e41952986929b,+91--XXXXXX-3507,XXXX-XXXX-4372,1974-09-28,Adult
P1393,Ishaan,Reddy,42,M,1f25f52ff53b2475,+91--XXXXXX-5378,XXXX-XXXX-2395,1984-01-21,Adult
P1394,Sara,Das,70,F,9d3c2260aa457e34,+91--XXXXXX-6358,XXXX-XXXX-6674,1956-03-17,Senior
P1395,Riya,Iyer,15,F,bc8d7907786b1145,+91--XXXXXX-8282,XXXX-XXXX-6945,2011-05-09,Youth
P1396,Vivaan,Mishra,54,F,51d0ebbb5f95b87a,+91--XXXXXX-5747,XXXX-XXXX-2580,1972-11-01,Adult
P1397,Ishaan,Patel,60,M,45d580b6fb0cee43,+91--XXXXXX-5005,XXXX-XXXX-3009,1966-02-02,Senior
P1398,Krishna,Khan,8,F,0e021ffbd72b07d9,+91--XXXXXX-4714,XXXX-XXXX-1244,2018-08-22,Child
P1399,Ananya,Das,53,F,84b17617aceb9cb2,+91--XXXXXX-4585,XXXX-XXXX-6504,1973-05-06,Adult
P1400,Shaurya,Agarwal,60,M,6fab6bad724d1082,+91--XXXXXX-2241,XXXX-XXXX-6391,1966-08-23,Senior
P1401,Sai,Mehta,5,F,0d67e90c0f6fc3ad,+91--XXXXXX-1602,XXXX-XXXX-0064,2021-03-23,Child
P1402,Riya,Khan,68,F,a5e56b17496ff0b2,+91--XXXXXX-5275,XXXX-XXXX-3067,1958-02-19,Senior
P1403,Myra,Ghosh,6,M,254faac0ba24d223,+91--XXXXXX-8166,XXXX-XXXX-7432,2020-09-02,Child
P1404,Muhammad,Kulkarni,47,M,b0a36a75cd121184,+91--XXXXXX-9585,XXXX-XXXX-0309,1979-04-16,Adult
P1405,Aditya,Reddy,55,M,9eb0dc5b42881a3d,+91--XXXXXX-7200,XXXX-XXXX-0506,1971-02-07,Adult
P1406,Kavya,Verma,40,F,508b45446970aa55,+91--XXXXXX-0516,XXXX-XXXX-0790,1986-04-23,Adult
P1407,Shaurya,Kulkarni,52,F,2843c55500b98606,+91--XXXXXX-0962,XXXX-XXXX-1179,1974-10-08,Adult
P1408,Diya,Mishra,16,F,6fc414758a402c60,+91--XXXXXX-1077,XXXX-XXXX-3092,2010-06-03,Youth
P1409,Aadhya,Singh,13,M,87844fc075211007,+91--XXXXXX-5269,XXXX-XXXX-1456,2013-01-18,Youth
P1410,Sai,Pillai,30,M,4a3a4b8a5d6df2fd,+91--XXXXXX-3057,XXXX-XXXX-3403,1996-02-26,Adult
P1411,Vivaan,Gupta,19,F,5b48ff42504e7ef7,+91--XXXXXX-2492,XXXX-XXXX-4597,2007-01-04,Youth
P1412,Riya,Iyer,17,F,ddaf90b3641d21c3,+91--XXXXXX-0183,XXXX-XXXX-9563,2009-12-22,Youth
P1413,Shaurya,Mehta,63,M,9536f5c787faf069,+91--XXXXXX-8338,XXXX-XXXX-3179,1963-08-02,Senior
P1414,Muhammad,Singh,19,M,d380b08e84d3a0e6,+91--XXXXXX-6420,XXXX-XXXX-4929,2007-03-19,Youth
P1415,Aadhya,Banerjee,58,M,dc70289157cb0b95,+91--XXXXXX-1105,XXXX-XXXX-0633,1968-06-14,Adult
P1416,Reyansh,Iyer,55,M,724428fce427ffab,+91--XXXXXX-9949,XXXX-XXXX-0686,1971-08-26,Adult
P1417,Reyansh,Chatterjee,62,F,81913526c00398c6,+91--XXXXXX-8267,XXXX-XXXX-4310,1964-08-22,Senior
P1418,Diya,Khan,23,M,89dbe3e9a3c1b35f,+91--XXXXXX-7444,XXXX-XXXX-2570,2003-11-03,Youth
P1419,Krishna,Iyer,9,F,0fdbce721eafd298,+91--XXXXXX-1366,XXXX-XXXX-1950,2017-09-22,Child
P1420,Diya,Pillai,12,F,647bf5bb7641f4ac,+91--XXXXXX-9420,XXXX-XXXX-8183,2014-03-11,Youth
P1421,Ira,Naidu,1,F,655eb9b014fedec4,+91--XXXXXX-9673,XXXX-XXXX-6401,2025-06-12,Child
P1422,Shaurya,Gupta,58,M,87ec4b406d42e16c,+91--XXXXXX-7940,XXXX-XXXX-5137,1968-02-03,Adult
P1423,Aditya,Gupta,1,M,b4c55dac5c2e3bdc,+91--XXXXXX-7808,XXXX-XXXX-3804,2025-07-22,Child
P1424,Ananya,Nair,34,M,3ba2ba3bf903539a,+91--XXXXXX-1530,XXXX-XXXX-3856,1992-10-11,Adult
P1425,Aarav,Gupta,48,M,c346f3c5d7bd5c10,+91--XXXXXX-2501,XXXX-XXXX-2437,1978-06-10,Adult
P1426,Shaurya,Iyer,89,F,9a72ab9a1b9e90e6,+91--XXXXXX-0679,XXXX-XXXX-2223,1937-02-02,Senior
P1427,Ira,Banerjee,1,M,214d4644c407c06c,+91--XXXXXX-0575,XXXX-XXXX-2578,2025-03-18,Child
P1428,Ishaan,Mishra,16,M,bd1bd38cb51a1f68,+91--XXXXXX-3237,XXXX-XXXX-8547,2010-05-25,Youth
P1429,Aadhya,Pillai,61,F,4019dc2a59e4e8ff,+91--XXXXXX-8383,XXXX-XXXX-1406,1965-10-27,Senior
P1430,Anika,Sharma,64,M,5ccfc3f7e9d448c4,+91--XXXXXX-8402,XXXX-XXXX-4301,1962-09-28,Senior
P1431,Ishaan,Patel,63,F,41f5023b3a1c681f,+91--XXXXXX-7664,XXXX-XXXX-5626,1963-06-13,Senior
P1432,Sai,Chatterjee,69,F,563f1387bdb065f9,+91--XXXXXX-1007,XXXX-XXXX-6742,1957-12-14,Senior
P1433,Reyansh,Naidu,22,F,de602307495225d7,+91--XXXXXX-3679,XXXX-XXXX-5196,2004-02-01,Youth
P1434,Kavya,Reddy,67,F,303a17a9c7293fcf,+91--XXXXXX-1036,XXXX-XXXX-4870,1959-05-27,Senior
P1435,Aditya,Pillai,76,F,3c14df687d4cf657,+91--XXXXXX-6354,XXXX-XXXX-7146,1950-03-16,Senior
P1436,Myra,Reddy,26,F,5cce64a577aac263,+91--XXXXXX-6091,XXXX-XXXX-6471,2000-06-17,Adult
P1437,Krishna,Joshi,16,F,d863648747948b37,+91--XXXXXX-5934,XXXX-XXXX-2045,2010-07-21,Youth
P1438,Reyansh,Banerjee,51,F,835c02835f35d0ce,+91--XXXXXX-0727,XXXX-XXXX-2855,1975-11-26,Adult
P1439,Aditya,Khan,86,M,76da6b3ddeea0dea,+91--XXXXXX-9586,XXXX-XXXX-8457,1940-07-11,Senior
P1440,Reyansh,Chatterjee,57,M,2e37867ea074e2b2,+91--XXXXXX-2807,XXXX-XXXX-8167,1969-02-04,Adult
P1441,Arjun,Khan,29,M,23f915643c595ef2,+91--XXXXXX-8782,XXXX-XXXX-2401,1997-04-05,Adult
P1442,Aadhya,Nair,78,M,0294cfb89dc161ab,+91--XXXXXX-8648,XXXX-XXXX-7603,1948-02-02,Senior
P1443,Sai,Naidu,69,F,5481f7bf83311b40,+91--XXXXXX-3335,XXXX-XXXX-9393,1957-03-22,Senior
P1444,Sai,Gupta,47,M,06ffcaef17804f13,+91--XXXXXX-3548,XXXX-XXXX-3891,1979-02-27,Adult
P1445,Diya,Naidu,62,F,b616153d91704beb,+91--XXXXXX-6278,XXXX-XXXX-8759,1964-03-15,Senior
P1446,Ishaan,Pillai,69,M,f67c0171c737ee66,+91--XXXXXX-7562,XXXX-XXXX-5171,1957-09-05,Senior
P1447,Ananya,Mishra,76,M,d29812b400de500b,+91--XXXXXX-9057,XXXX-XXXX-4794,1950-11-27,Senior
P1448,Diya,Joshi,16,M,b91f56d068421d09,+91--XXXXXX-2662,XXXX-XXXX-0716,2010-08-17,Youth
P1449,Diya,Sharma,48,F,3d6fc010a200521c,+91--XXXXXX-9747,XXXX-XXXX-5396,1978-02-08,Adult
P1450,Riya,Khan,85,M,a90a2ad483b9efcd,+91--XXXXXX-6778,XXXX-XXXX-7842,1941-08-04,Senior
P1451,Arjun,Iyer,39,F,3e166e2b58a883ba,+91--XXXXXX-6306,XXXX-XXXX-0269,1987-11-11,Adult
P1452,Aadhya,Naidu,33,F,694abacdb5a87768,+91--XXXXXX-1721,XXXX-XXXX-7784,1993-09-11,Adult
P1453,Diya,Iyer,23,M,ec160d7d814386f2,+91--XXXXXX-1073,XXXX-XXXX-7002,2003-09-22,Youth
P1454,Vivaan,Ghosh,10,M,625047eaaec98545,+91--XXXXXX-2211,XXXX-XXXX-8897,2016-08-18,Child
P1455,Ira,Iyer,69,M,b1ccf30662596eb6,+91--XXXXXX-6255,XXXX-XXXX-0090,1957-03-27,Senior
P1456,Arjun,Verma,34,F,6d2457e1d21ba615,+91--XXXXXX-1370,XXXX-XXXX-6503,1992-04-08,Adult
P1457,Arjun,Mishra,52,M,6d981acfbfc18738,+91--XXXXXX-4998,XXXX-XXXX-0769,1974-09-14,Adult
P1458,Vivaan,Khan,10,F,1ed9ffadb3ba495a,+91--XXXXXX-9721,XXXX-XXXX-9171,2016-12-22,Child
P1459,Krishna,Joshi,19,F,f42b6c16d011d891,+91--XXXXXX-1273,XXXX-XXXX-7183,2007-05-09,Youth
P1460,Kavya,Pillai,58,M,8fc95ea9fc8cc18b,+91--XXXXXX-3155,XXXX-XXXX-4198,1968-08-14,Adult
P1461,Reyansh,Verma,1,M,6aafdf261420701a,+91--XXXXXX-4560,XXXX-XXXX-6649,2025-09-15,Child
P1462,Reyansh,Kulkarni,69,F,ad6af311c9ee2974,+91--XXXXXX-5163,XXXX-XXXX-9690,1957-09-07,Senior
P1463,Vivaan,Gupta,4,F,caacc707f84641b2,+91--XXXXXX-8580,XXXX-XXXX-6442,2022-05-22,Child
P1464,Sai,Iyer,16,F,b10c496317f84a07,+91--XXXXXX-5238,XXXX-XXXX-7866,2010-11-02,Youth
P1465,Vivaan,Chatterjee,24,M,ac574a3eed987d07,+91--XXXXXX-2240,XXXX-XXXX-0015,2002-10-10,Youth
P1466,Aditya,Reddy,80,F,7d70e8cc4f3d17e8,+91--XXXXXX-4548,XXXX-XXXX-8984,1946-08-03,Senior
P1467,Ishaan,Sharma,2,M,5f3856109e053ace,+91--XXXXXX-7388,XXXX-XXXX-1234,2024-08-14,Child
P1468,Muhammad,Naidu,32,F,3d53a2b97e9ee9bd,+91--XXXXXX-8516,XXXX-XXXX-4257,1994-12-12,Adult
P1469,Aadhya,Reddy,84,F,da07ead8bd472b24,+91--XXXXXX-0377,XXXX-XXXX-5183,1942-08-13,Senior
P1470,Myra,Kulkarni,24,M,e4891f773415ff00,+91--XXXXXX-7372,XXXX-XXXX-9857,2002-12-01,Youth
P1471,Anika,Iyer,12,F,22b35a11a776016a,+91--XXXXXX-5216,XXXX-XXXX-1123,2014-09-23,Youth
P1472,Aditya,Singh,50,M,4be8c1e46904c418,+91--XXXXXX-3177,XXXX-XXXX-4316,1976-06-06,Adult
P1473,Vivaan,Singh,35,M,15a12cadd0a3b85a,+91--XXXXXX-9807,XXXX-XXXX-7342,1991-01-13,Adult
P1474,Shaurya,Sharma,33,F,7c4cb9aa90762e90,+91--XXXXXX-6787,XXXX-XXXX-8677,1993-02-08,Adult
P1475,Saanvi,Banerjee,33,M,d85496de718a32c4,+91--XXXXXX-4943,XXXX-XXXX-3436,1993-03-14,Adult
P1476,Vivaan,Mehta,61,M,0c6805fc880004d2,+91--XXXXXX-2314,XXXX-XXXX-1072,1965-06-23,Senior
P1477,Kavya,Mishra,51,F,65809b8d53a43b52,+91--XXXXXX-8642,XXXX-XXXX-0537,1975-06-20,Adult
P1478,Myra,Kulkarni,43,M,b2b74825aceeafa1,+91--XXXXXX-6315,XXXX-XXXX-8092,1983-05-06,Adult
P1479,Shaurya,Pillai,12,M,ba4a214eb05691db,+91--XXXXXX-8244,XXXX-XXXX-1502,2014-08-28,Youth
P1480,Diya,Singh,67,M,ffa839d5ca350423,+91--XXXXXX-1350,XXXX-XXXX-5728,1959-11-21,Senior
P1481,Ira,Khan,65,F,7683b33d25808170,+91--XXXXXX-1261,XXXX-XXXX-7617,1961-01-15,Senior
P1482,Saanvi,Singh,33,M,1ac6a19c3e2b4854,+91--XXXXXX-5743,XXXX-XXXX-2284,1993-10-22,Adult
P1483,Arjun,Das,40,F,12ceb8f084a85dc6,+91--XXXXXX-9237,XXXX-XXXX-1504,1986-11-22,Adult
P1484,Kavya,Mishra,74,F,b7f3827895d79618,+91--XXXXXX-5178,XXXX-XXXX-7490,1952-06-02,Senior
P1485,Sai,Nair,43,M,a0997a8fe0792d72,+91--XXXXXX-5327,XXXX-XXXX-8961,1983-07-09,Adult
P1486,Vivaan,Singh,44,M,7fc5e296fc5afedc,+91--XXXXXX-3397,XXXX-XXXX-2147,1982-07-24,Adult
P1487,Ira,Banerjee,29,M,119a23dd00194316,+91--XXXXXX-0835,XXXX-XXXX-4996,1997-02-25,Adult
P1488,Aditya,Verma,13,F,1cbeea735ad3e82f,+91--XXXXXX-5517,XXXX-XXXX-3278,2013-11-21,Youth
P1489,Ishaan,Mehta,12,M,4e9dd1b1d572d9cd,+91--XXXXXX-9994,XXXX-XXXX-3864,2014-10-02,Youth
P1490,Ishaan,Gupta,46,M,a32f7d1d3d417f9c,+91--XXXXXX-0285,XXXX-XXXX-4549,1980-02-25,Adult
P1491,Shaurya,Khan,2,M,90d948dee8e3d6cd,+91--XXXXXX-7296,XXXX-XXXX-5977,2024-10-26,Child
P1492,Myra,Agarwal,35,M,5720908c8345cf32,+91--XXXXXX-7332,XXXX-XXXX-8006,1991-02-01,Adult
P1493,Shaurya,Pillai,87,M,d94d5a7e3634b297,+91--XXXXXX-6279,XXXX-XXXX-4122,1939-01-07,Senior
P1494,Krishna,Chatterjee,81,F,b272f67b2f17d839,+91--XXXXXX-9140,XXXX-XXXX-3147,1945-03-16,Senior
P1495,Arjun,Nair,8,F,6e9d273c3815350a,+91--XXXXXX-6707,XXXX-XXXX-3349,2018-07-02,Child
P1496,Shaurya,Verma,26,M,7ed8ad8288c8388e,+91--XXXXXX-4112,XXXX-XXXX-7678,2000-10-24,Adult
P1497,Ishaan,Naidu,74,M,f34f0d45ef9fa69c,+91--XXXXXX-6937,XXXX-XXXX-4671,1952-08-20,Senior
P1498,Riya,Singh,34,M,56e99095e29acf6f,+91--XXXXXX-0428,XXXX-XXXX-3839,1992-11-11,Adult
P1499,Myra,Gupta,7,M,7e22f0857c89b88a,+91--XXXXXX-0436,XXXX-XXXX-4172,2019-03-07,Child
P1500,Ananya,Sharma,68,F,7bdeaf50f10ec0ad,+91--XXXXXX-4550,XXXX-XXXX-5452,1958-03-27,Senior
P1501,Sai,Joshi,58,M,41294627b5ab681e,+91--XXXXXX-1592,XXXX-XXXX-3745,1968-06-25,Adult
P1502,Vivaan,Pillai,75,F,220b70d42f87322c,+91--XXXXXX-6542,XXXX-XXXX-9918,1951-01-17,Senior
P1503,Riya,Verma,29,F,9fbd94192287af07,+91--XXXXXX-8019,XXXX-XXXX-1255,1997-03-04,Adult
P1504,Riya,Ghosh,36,M,a2f9ac425db45984,+91--XXXXXX-7987,XXXX-XXXX-4565,1990-11-22,Adult
P1505,Myra,Mehta,89,F,6ef80b791a226b19,+91--XXXXXX-9062,XXXX-XXXX-8507,1937-03-25,Senior
P1506,Diya,Ghosh,21,F,a9257d212e86d873,+91--XXXXXX-9915,XXXX-XXXX-2908,2005-05-14,Youth
P1507,Ananya,Khan,36,F,539aa429e0b32c11,+91--XXXXXX-9532,XXXX-XXXX-7389,1990-10-21,Adult
P1508,Shaurya,Reddy,10,F,ae1132bded43236c,+91--XXXXXX-6978,XXXX-XXXX-2884,2016-04-03,Child
P1509,Ananya,Banerjee,73,M,21bef53672dff918,+91--XXXXXX-0124,XXXX-XXXX-4681,1953-12-02,Senior
P1510,Diya,Chatterjee,24,M,80071a8bd72fdcd5,+91--XXXXXX-4887,XXXX-XXXX-0753,2002-12-19,Youth
P1511,Ishaan,Joshi,64,F,64cd7e8bcd1e87a3,+91--XXXXXX-1636,XXXX-XXXX-5893,1962-06-15,Senior
P1512,Reyansh,Nair,49,M,7aa1797196cc8e40,+91--XXXXXX-8082,XXXX-XXXX-3715,1977-11-17,Adult
P1513,Myra,Kulkarni,36,M,19597a7928363699,+91--XXXXXX-8961,XXXX-XXXX-8277,1990-03-23,Adult
P1514,Aditya,Kulkarni,82,M,bbcfeb3cb2414c99,+91--XXXXXX-2242,XXXX-XXXX-9611,1944-06-19,Senior
P1515,Ishaan,Iyer,24,M,e3b987c0105aa8e6,+91--XXXXXX-8067,XXXX-XXXX-0229,2002-07-02,Youth
P1516,Reyansh,Banerjee,23,M,2ddc02f098b51eda,+91--XXXXXX-8831,XXXX-XXXX-6794,2003-10-15,Youth
P1517,Arjun,Verma,62,F,97b95e77fc317679,+91--XXXXXX-1691,XXXX-XXXX-5199,1964-07-13,Senior
P1518,Ira,Kulkarni,37,M,bd450f68d86caa81,+91--XXXXXX-6201,XXXX-XXXX-4818,1989-02-07,Adult
P1519,Aditya,Verma,12,M,1b2804678f436033,+91--XXXXXX-5241,XXXX-XXXX-0433,2014-12-27,Youth
P1520,Ira,Khan,55,M,5281e1cf8dfec25c,+91--XXXXXX-0036,XXXX-XXXX-5626,1971-01-28,Adult
P1521,Krishna,Verma,13,M,e932a5edc34f2988,+91--XXXXXX-1168,XXXX-XXXX-2412,2013-05-14,Youth
P1522,Reyansh,Singh,23,F,f80157da10df803b,+91--XXXXXX-7964,XXXX-XXXX-2654,2003-07-27,Youth
P1523,Krishna,Verma,89,F,9467684e64ac1e7e,+91--XXXXXX-6560,XXXX-XXXX-1405,1937-08-18,Senior
P1524,Kavya,Banerjee,30,F,2f7acda746a7aa36,+91--XXXXXX-5201,XXXX-XXXX-3824,1996-10-14,Adult
P1525,Kavya,Ghosh,17,F,abd91723f5022c88,+91--XXXXXX-3973,XXXX-XXXX-6870,2009-01-27,Youth
P1526,Saanvi,Singh,62,M,2c608a98471b4367,+91--XXXXXX-6599,XXXX-XXXX-5398,1964-05-02,Senior
P1527,Ananya,Mehta,84,F,e8887bb4a2240060,+91--XXXXXX-7973,XXXX-XXXX-9855,1942-11-09,Senior
P1528,Diya,Sharma,89,M,8767585ec52d1842,+91--XXXXXX-3487,XXXX-XXXX-0970,1937-01-22,Senior
P1529,Kavya,Singh,86,M,4254de745b6b884a,+91--XXXXXX-5664,XXXX-XXXX-1569,1940-06-13,Senior
P1530,Riya,Patel,13,M,189430f0116b9335,+91--XXXXXX-4179,XXXX-XXXX-5319,2013-11-10,Youth
P1531,Reyansh,Sharma,59,M,65d89a93a5bb13a7,+91--XXXXXX-3017,XXXX-XXXX-6149,1967-09-16,Adult
P1532,Diya,Banerjee,19,M,e41c19247772839b,+91--XXXXXX-6105,XXXX-XXXX-2493,2007-09-24,Youth
P1533,Aditya,Verma,49,F,1c9c84a05219ef9c,+91--XXXXXX-4104,XXXX-XXXX-0566,1977-05-04,Adult
P1534,Ananya,Pillai,12,F,ac516ee1da402a23,+91--XXXXXX-9301,XXXX-XXXX-7506,2014-04-11,Youth
P1535,Arjun,Pillai,61,F,8c6dfc2a7dcf3bd8,+91--XXXXXX-4663,XXXX-XXXX-1107,1965-07-26,Senior
P1536,Riya,Nair,19,F,d42d2c7c8602036f,+91--XXXXXX-5123,XXXX-XXXX-3199,2007-08-25,Youth
P1537,Reyansh,Joshi,76,M,7af1f8cfc83193b4,+91--XXXXXX-6156,XXXX-XXXX-0704,1950-10-21,Senior
P1538,Aditya,Mehta,9,F,7b7c0c1663118d5f,+91--XXXXXX-6534,XXXX-XXXX-6399,2017-01-15,Child
P1539,Anika,Nair,71,M,93b1e3877989560c,+91--XXXXXX-1568,XXXX-XXXX-5931,1955-02-01,Senior
P1540,Kavya,Khan,28,F,8ecb4ba1b76317dc,+91--XXXXXX-7029,XXXX-XXXX-9723,1998-03-26,Adult
P1541,Sai,Banerjee,78,M,f3286f94ee267a4c,+91--XXXXXX-6167,XXXX-XXXX-2274,1948-10-11,Senior
P1542,Sai,Kulkarni,52,M,612408edb5edce5e,+91--XXXXXX-7810,XXXX-XXXX-6533,1974-11-07,Adult
P1543,Saanvi,Naidu,83,F,8c14d49f709ecd4d,+91--XXXXXX-5271,XXXX-XXXX-5636,1943-03-27,Senior
P1544,Vivaan,Naidu,16,M,801ed31eece7e119,+91--XXXXXX-1558,XXXX-XXXX-3950,2010-01-07,Youth
P1545,Saanvi,Reddy,69,M,e2001ddf8d018762,+91--XXXXXX-8502,XXXX-XXXX-0241,1957-01-27,Senior
P1546,Aadhya,Kulkarni,12,F,f9af7e377b0e5ed2,+91--XXXXXX-0442,XXXX-XXXX-2896,2014-12-03,Youth
P1547,Anika,Iyer,25,M,22e23edc05c7878e,+91--XXXXXX-9719,XXXX-XXXX-3099,2001-04-28,Adult
P1548,Saanvi,Nair,52,F,92360f5b47fea53d,+91--XXXXXX-3439,XXXX-XXXX-7317,1974-11-20,Adult
P1549,Vivaan,Banerjee,85,F,2bb8032530452121,+91--XXXXXX-9914,XXXX-XXXX-5877,1941-08-09,Senior
P1550,Ira,Agarwal,53,F,237ff11cba63787e,+91--XXXXXX-0666,XXXX-XXXX-3466,1973-10-06,Adult
P1551,Arjun,Agarwal,23,M,7e043c934d850e84,+91--XXXXXX-0686,XXXX-XXXX-9078,2003-10-11,Youth
P1552,Ananya,Patel,16,M,cead06cea22c291d,+91--XXXXXX-9048,XXXX-XXXX-2734,2010-11-03,Youth
P1553,Anika,Khan,57,M,62ef76b0e33a153c,+91--XXXXXX-6101,XXXX-XXXX-1508,1969-04-11,Adult
P1554,Diya,Mishra,39,F,1e639602fe694de6,+91--XXXXXX-0847,XXXX-XXXX-4456,1987-07-27,Adult
P1555,Saanvi,Joshi,53,M,4536c0ac6ad2df50,+91--XXXXXX-0427,XXXX-XXXX-8987,1973-12-27,Adult
P1556,Myra,Ghosh,42,F,81e6598ee91028a5,+91--XXXXXX-2143,XXXX-XXXX-8052,1984-10-28,Adult
P1557,Anika,Kulkarni,58,F,50333e811b6f1625,+91--XXXXXX-2155,XXXX-XXXX-8459,1968-01-19,Adult
P1558,Diya,Joshi,39,M,4a4725118f69b2a8,+91--XXXXXX-4710,XXXX-XXXX-6186,1987-04-16,Adult
P1559,Aditya,Khan,14,F,cfa7632ca688eee7,+91--XXXXXX-2082,XXXX-XXXX-9702,2012-04-03,Youth
P1560,Muhammad,Joshi,5,M,2726de6e057edc69,+91--XXXXXX-5169,XXXX-XXXX-0256,2021-07-06,Child
P1561,Aditya,Nair,35,M,4a73ba1d7c98ab3c,+91--XXXXXX-2047,XXXX-XXXX-6729,1991-10-10,Adult
P1562,Diya,Kulkarni,87,M,d1286cf5e0661779,+91--XXXXXX-8440,XXXX-XXXX-9385,1939-10-16,Senior
P1563,Aarav,Pillai,75,M,e4fba484582902fc,+91--XXXXXX-7836,XXXX-XXXX-2632,1951-10-24,Senior
P1564,Saanvi,Chatterjee,18,M,9550a6a8668a9270,+91--XXXXXX-0888,XXXX-XXXX-8413,2008-08-14,Youth
P1565,Vivaan,Naidu,76,F,54ba39a2d4da5f6e,+91--XXXXXX-3044,XXXX-XXXX-3807,1950-01-03,Senior
P1566,Vivaan,Singh,9,F,62b12a78b3f0a3ff,+91--XXXXXX-9657,XXXX-XXXX-5777,2017-02-03,Child
P1567,Sara,Mehta,74,F,59b528c0d6c79988,+91--XXXXXX-2339,XXXX-XXXX-1241,1952-09-24,Senior
P1568,Shaurya,Iyer,58,M,8cac20c4292c0286,+91--XXXXXX-6581,XXXX-XXXX-8370,1968-11-26,Adult
P1569,Muhammad,Nair,17,M,400e344ddbfb657d,+91--XXXXXX-3299,XXXX-XXXX-3533,2009-02-01,Youth
P1570,Ananya,Reddy,7,M,f1c5bc03ef97beda,+91--XXXXXX-3640,XXXX-XXXX-6815,2019-06-18,Child
P1571,Diya,Joshi,46,F,9cf5c8e2d53ad5f0,+91--XXXXXX-8793,XXXX-XXXX-2065,1980-01-13,Adult
P1572,Sara,Banerjee,13,M,1f4fd002d653475c,+91--XXXXXX-6489,XXXX-XXXX-4971,2013-12-18,Youth
P1573,Ishaan,Singh,40,F,3d982db788acaa3e,+91--XXXXXX-8677,XXXX-XXXX-7150,1986-10-19,Adult
P1574,Shaurya,Mehta,42,F,fad91ba76173b90c,+91--XXXXXX-0142,XXXX-XXXX-4363,1984-10-03,Adult
P1575,Ananya,Mishra,9,M,4ce75e7158bf2ddf,+91--XXXXXX-1680,XXXX-XXXX-9752,2017-05-11,Child
P1576,Ira,Naidu,50,M,e421e270e5cdf18e,+91--XXXXXX-4545,XXXX-XXXX-0339,1976-07-17,Adult
P1577,Shaurya,Joshi,27,F,9c34ae14e3c30d4f,+91--XXXXXX-1389,XXXX-XXXX-2129,1999-09-27,Adult
P1578,Shaurya,Singh,66,M,70636fba5afcd309,+91--XXXXXX-2967,XXXX-XXXX-2934,1960-05-19,Senior
P1579,Kavya,Nair,5,F,12134091a9e2e6ce,+91--XXXXXX-8293,XXXX-XXXX-6896,2021-03-27,Child
P1580,Krishna,Iyer,29,M,504e625156f00a2f,+91--XXXXXX-5357,XXXX-XXXX-2467,1997-05-15,Adult
P1581,Shaurya,Mishra,37,M,dbd16990775c44e1,+91--XXXXXX-5485,XXXX-XXXX-3008,1989-12-24,Adult
P1582,Kavya,Pillai,38,F,ebc7f8f08f563e73,+91--XXXXXX-7896,XXXX-XXXX-6016,1988-10-06,Adult
P1583,Sara,Mishra,83,M,8794202bed146b0a,+91--XXXXXX-1636,XXXX-XXXX-3705,1943-11-23,Senior
P1584,Ananya,Iyer,8,F,2b4a24c47fdd5f4c,+91--XXXXXX-1699,XXXX-XXXX-0116,2018-07-23,Child
P1585,Saanvi,Gupta,65,M,00fe73cefa287262,+91--XXXXXX-4907,XXXX-XXXX-6946,1961-12-28,Senior
P1586,Aditya,Banerjee,86,F,b4b69c52e160dc1a,+91--XXXXXX-3341,XXXX-XXXX-2701,1940-02-25,Senior
P1587,Ira,Mishra,17,F,814506e69f06812c,+91--XXXXXX-6783,XXXX-XXXX-7281,2009-08-19,Youth
P1588,Sara,Singh,71,M,a1529360abecbcc5,+91--XXXXXX-8599,XXXX-XXXX-2141,1955-07-04,Senior
P1589,Shaurya,Reddy,89,F,884332cec5cc3fe9,+91--XXXXXX-2830,XXXX-XXXX-4090,1937-02-07,Senior
P1590,Vivaan,Naidu,45,M,dd5eeb06482bf733,+91--XXXXXX-8085,XXXX-XXXX-5555,1981-04-12,Adult
P1591,Krishna,Mehta,4,M,a18ce643292665f4,+91--XXXXXX-1235,XXXX-XXXX-0918,2022-05-23,Child
P1592,Ananya,Reddy,36,M,4c5d8ed479039318,+91--XXXXXX-3343,XXXX-XXXX-5057,1990-04-20,Adult
P1593,Myra,Iyer,70,F,1b0d7e137b94ee19,+91--XXXXXX-4928,XXXX-XXXX-9328,1956-10-26,Senior
P1594,Diya,Patel,31,F,c8dca828347f3fdc,+91--XXXXXX-0086,XXXX-XXXX-7833,1995-04-06,Adult
P1595,Reyansh,Mishra,19,M,d4522c2d72556a9a,+91--XXXXXX-3239,XXXX-XXXX-1287,2007-02-26,Youth
P1596,Vivaan,Das,61,M,5c123918a20e3ba7,+91--XXXXXX-5315,XXXX-XXXX-3414,1965-02-04,Senior
P1597,Kavya,Agarwal,54,F,01fb7c69cb5fd69c,+91--XXXXXX-3026,XXXX-XXXX-9040,1972-10-18,Adult
P1598,Aadhya,Gupta,39,M,eb4682751e997582,+91--XXXXXX-2797,XXXX-XXXX-6087,1987-06-05,Adult
P1599,Ira,Nair,74,M,d8ac39107c05733b,+91--XXXXXX-1235,XXXX-XXXX-4814,1952-12-19,Senior
P1600,Sara,Agarwal,19,F,f0d539464b5c91a2,+91--XXXXXX-9611,XXXX-XXXX-2764,2007-11-28,Youth
P1601,Krishna,Naidu,39,M,9e097d2eaa42f1b7,+91--XXXXXX-9223,XXXX-XXXX-8443,1987-12-28,Adult
P1602,Krishna,Sharma,67,F,747d9171f2dc0a53,+91--XXXXXX-6093,XXXX-XXXX-2774,1959-03-07,Senior
P1603,Ananya,Gupta,45,M,3ca57b1157bc8b23,+91--XXXXXX-2655,XXXX-XXXX-0157,1981-03-02,Adult
P1604,Riya,Mishra,13,F,4e26625f303c0a4f,+91--XXXXXX-0229,XXXX-XXXX-7492,2013-11-24,Youth
P1605,Anika,Kulkarni,58,M,5f758a1194fe1a4a,+91--XXXXXX-2100,XXXX-XXXX-1178,1968-04-01,Adult
P1606,Sara,Chatterjee,20,M,2904fe0fc3313ece,+91--XXXXXX-9769,XXXX-XXXX-2151,2006-12-28,Youth
P1607,Ira,Sharma,72,F,8a9044547f582f8b,+91--XXXXXX-0327,XXXX-XXXX-9813,1954-11-04,Senior
P1608,Krishna,Verma,61,M,558a0d557d39b2a4,+91--XXXXXX-6605,XXXX-XXXX-2184,1965-01-03,Senior
P1609,Vivaan,Mishra,39,F,b3eeaac9f003ec9f,+91--XXXXXX-9190,XXXX-XXXX-4872,1987-10-16,Adult
P1610,Diya,Singh,1,M,b85dfd4671d6a219,+91--XXXXXX-2368,XXXX-XXXX-2432,2025-10-18,Child
P1611,Sai,Banerjee,3,F,aa803c88fa5be173,+91--XXXXXX-1389,XXXX-XXXX-2671,2023-05-22,Child
P1612,Ananya,Pillai,77,F,eeadf0ce158b699c,+91--XXXXXX-2885,XXXX-XXXX-2625,1949-07-13,Senior
P1613,Arjun,Singh,62,F,0bb6be7b25c336ea,+91--XXXXXX-1401,XXXX-XXXX-1554,1964-03-28,Senior
P1614,Aarav,Reddy,63,F,1e418f30d223da2b,+91--XXXXXX-0679,XXXX-XXXX-4971,1963-09-12,Senior
P1615,Kavya,Patel,25,M,b80ba6c8918d995c,+91--XXXXXX-3965,XXXX-XXXX-5889,2001-07-16,Adult
P1616,Anika,Kulkarni,56,M,7738d49c65705aaa,+91--XXXXXX-9715,XXXX-XXXX-4146,1970-06-28,Adult
P1617,Reyansh,Ghosh,33,F,b7713f34de33bb0a,+91--XXXXXX-8704,XXXX-XXXX-7068,1993-12-05,Adult
P1618,Ishaan,Sharma,38,F,f53361a92e1d5c29,+91--XXXXXX-9375,XXXX-XXXX-8538,1988-11-20,Adult
P1619,Ananya,Banerjee,6,F,aed21938be4aec9c,+91--XXXXXX-0216,XXXX-XXXX-0676,2020-03-12,Child
P1620,Saanvi,Kulkarni,58,M,beef4474e0447a9f,+91--XXXXXX-8534,XXXX-XXXX-3096,1968-04-10,Adult
P1621,Aarav,Singh,44,M,7c9e3065b809115a,+91--XXXXXX-3646,XXXX-XXXX-4510,1982-06-24,Adult
P1622,Riya,Khan,45,M,dfa55bf499f95fd8,+91--XXXXXX-6189,XXXX-XXXX-2617,1981-01-05,Adult
P1623,Diya,Mehta,32,M,16d47afd50853c8c,+91--XXXXXX-8862,XXXX-XXXX-1772,1994-03-12,Adult
P1624,Riya,Naidu,45,F,73aa161d2a07f7f8,+91--XXXXXX-7515,XXXX-XXXX-5023,1981-08-22,Adult
P1625,Riya,Patel,61,F,e7036855f6c72741,+91--XXXXXX-7658,XXXX-XXXX-2110,1965-03-05,Senior
P1626,Arjun,Kulkarni,47,F,a1bf3d3f9fff59a1,+91--XXXXXX-3312,XXXX-XXXX-4471,1979-07-08,Adult
P1627,Aditya,Iyer,21,M,f42af20dea92f19d,+91--XXXXXX-4695,XXXX-XXXX-3718,2005-10-06,Youth
P1628,Sara,Verma,80,M,bebdba4d1231497b,+91--XXXXXX-9407,XXXX-XXXX-0931,1946-01-13,Senior
P1629,Kavya,Banerjee,85,M,42a145cf4db3869d,+91--XXXXXX-9855,XXXX-XXXX-0414,1941-06-09,Senior
P1630,Aadhya,Chatterjee,75,F,d577b8292c205f90,+91--XXXXXX-0555,XXXX-XXXX-4749,1951-02-14,Senior
P1631,Muhammad,Das,36,F,ac3897604d8fc26e,+91--XXXXXX-8840,XXXX-XXXX-1093,1990-04-23,Adult
P1632,Ananya,Kulkarni,19,M,64ccdfd4540bbd38,+91--XXXXXX-1357,XXXX-XXXX-0236,2007-09-23,Youth
P1633,Sara,Verma,20,F,89a9874ec013ac6d,+91--XXXXXX-2419,XXXX-XXXX-0294,2006-12-05,Youth
P1634,Riya,Naidu,57,M,736d68871bfa69eb,+91--XXXXXX-5535,XXXX-XXXX-7868,1969-07-13,Adult
P1635,Aarav,Khan,18,M,672bbff31cbe3fd3,+91--XXXXXX-3597,XXXX-XXXX-7884,2008-05-28,Youth
P1636,Reyansh,Ghosh,47,F,931c12442c1c6d61,+91--XXXXXX-2698,XXXX-XXXX-4024,1979-03-09,Adult
P1637,Aditya,Nair,49,M,53857812d41e581e,+91--XXXXXX-0042,XXXX-XXXX-1842,1977-07-20,Adult
P1638,Krishna,Banerjee,14,F,669de920f7a5b799,+91--XXXXXX-6139,XXXX-XXXX-9164,2012-11-21,Youth
P1639,Diya,Mishra,15,M,18d7fa4b6619cec5,+91--XXXXXX-2820,XXXX-XXXX-7365,2011-03-16,Youth
P1640,Krishna,Banerjee,31,F,d54a314e871adfef,+91--XXXXXX-8680,XXXX-XXXX-0422,1995-07-22,Adult
P1641,Myra,Gupta,1,F,aa9dd3d726cb971c,+91--XXXXXX-5794,XXXX-XXXX-2091,2025-07-13,Child
P1642,Shaurya,Banerjee,54,F,c1bed1bf124189fa,+91--XXXXXX-4459,XXXX-XXXX-0018,1972-12-27,Adult
P1643,Muhammad,Das,3,M,d1f4b6631e5d8347,+91--XXXXXX-1211,XXXX-XXXX-2308,2023-12-09,Child
P1644,Diya,Iyer,16,M,b93f341124f5d654,+91--XXXXXX-1813,XXXX-XXXX-0303,2010-07-13,Youth
P1645,Aditya,Singh,87,F,1e857a47b50c71d8,+91--XXXXXX-2376,XXXX-XXXX-1451,1939-10-11,Senior
P1646,Ananya,Gupta,57,F,855d0d977219fc93,+91--XXXXXX-7929,XXXX-XXXX-2624,1969-10-27,Adult
P1647,Anika,Nair,75,M,49ad0827b62b29a7,+91--XXXXXX-6005,XXXX-XXXX-5267,1951-12-26,Senior
P1648,Arjun,Agarwal,12,M,367866b7a8cd4ff0,+91--XXXXXX-8953,XXXX-XXXX-6557,2014-07-16,Youth
P1649,Aditya,Joshi,74,M,233cc9ba57c962f9,+91--XXXXXX-3965,XXXX-XXXX-8836,1952-02-19,Senior
P1650,Aadhya,Mehta,16,F,87562a3dfb2a047f,+91--XXXXXX-0701,XXXX-XXXX-7210,2010-06-12,Youth
P1651,Krishna,Singh,72,M,8179e3791ac1bd3a,+91--XXXXXX-8271,XXXX-XXXX-1260,1954-12-14,Senior
P1652,Aarav,Chatterjee,76,M,43c9415cc10baf55,+91--XXXXXX-4412,XXXX-XXXX-5213,1950-02-01,Senior
P1653,Shaurya,Reddy,24,F,1a6552aa61dac432,+91--XXXXXX-7642,XXXX-XXXX-7041,2002-03-02,Youth
P1654,Ishaan,Nair,28,M,e0dca30377447c9a,+91--XXXXXX-9345,XXXX-XXXX-8436,1998-03-09,Adult
P1655,Aditya,Singh,8,M,df20f5c845dc15dc,+91--XXXXXX-0915,XXXX-XXXX-9177,2018-06-21,Child
P1656,Aarav,Chatterjee,36,M,0c0821fa57097371,+91--XXXXXX-8815,XXXX-XXXX-5950,1990-04-10,Adult
P1657,Sai,Kulkarni,8,F,ef2b6c4a2ff57c39,+91--XXXXXX-5921,XXXX-XXXX-3419,2018-10-02,Child
P1658,Saanvi,Joshi,58,F,4fd3b68f047ac4aa,+91--XXXXXX-9185,XXXX-XXXX-8356,1968-12-12,Adult
P1659,Riya,Mishra,60,F,a03b41b0fa133b30,+91--XXXXXX-0197,XXXX-XXXX-7904,1966-03-05,Senior
P1660,Anika,Das,50,F,7dddd1d56399f50f,+91--XXXXXX-1616,XXXX-XXXX-8572,1976-06-10,Adult
P1661,Krishna,Nair,28,F,a16d758ca32b1a17,+91--XXXXXX-3526,XXXX-XXXX-7102,1998-05-18,Adult
P1662,Ira,Verma,41,F,1979c875f0a85604,+91--XXXXXX-4129,XXXX-XXXX-5511,1985-03-23,Adult
P1663,Saanvi,Das,64,F,d580e2303f1ee810,+91--XXXXXX-0077,XXXX-XXXX-4669,1962-11-05,Senior
P1664,Myra,Naidu,27,M,5229c8ea9ae8fc4c,+91--XXXXXX-0404,XXXX-XXXX-0903,1999-12-27,Adult
P1665,Vivaan,Singh,63,M,1f297280d9de46ed,+91--XXXXXX-9933,XXXX-XXXX-6715,1963-08-15,Senior
P1666,Diya,Das,17,F,502d067650c25ee6,+91--XXXXXX-5692,XXXX-XXXX-1559,2009-08-07,Youth
P1667,Shaurya,Agarwal,73,M,042070a6b7fc7922,+91--XXXXXX-2947,XXXX-XXXX-9096,1953-01-26,Senior
P1668,Ishaan,Banerjee,33,M,08f5d6b6c5aa8125,+91--XXXXXX-9729,XXXX-XXXX-1214,1993-07-03,Adult
P1669,Myra,Mehta,84,F,73c7ba26195efd06,+91--XXXXXX-2916,XXXX-XXXX-4235,1942-07-16,Senior
P1670,Aarav,Banerjee,77,M,e31d43f56838b619,+91--XXXXXX-5282,XXXX-XXXX-1992,1949-06-22,Senior
P1671,Aadhya,Verma,29,M,768c394fcf4b0e22,+91--XXXXXX-4880,XXXX-XXXX-0727,1997-11-19,Adult
P1672,Diya,Joshi,13,M,14fb393ad33d5a47,+91--XXXXXX-4410,XXXX-XXXX-3390,2013-06-27,Youth
P1673,Muhammad,Das,46,M,ad1b86d698371f8d,+91--XXXXXX-0400,XXXX-XXXX-5868,1980-06-04,Adult
P1674,Myra,Agarwal,35,M,1c9687194b0ed110,+91--XXXXXX-3407,XXXX-XXXX-4649,1991-02-03,Adult
P1675,Myra,Das,6,F,28b0a7f2afe36c38,+91--XXXXXX-9095,XXXX-XXXX-7890,2020-11-10,Child
P1676,Reyansh,Reddy,82,F,f8f1394e717245fa,+91--XXXXXX-4901,XXXX-XXXX-7660,1944-06-26,Senior
P1677,Diya,Naidu,69,F,5f18f833dda21c2e,+91--XXXXXX-3124,XXXX-XXXX-0258,1957-12-20,Senior
P1678,Arjun,Joshi,47,M,13d809187b1ef494,+91--XXXXXX-7147,XXXX-XXXX-0962,1979-11-13,Adult
P1679,Sai,Pillai,25,F,268de257e9e2911a,+91--XXXXXX-4059,XXXX-XXXX-9648,2001-03-11,Adult
P1680,Ira,Iyer,66,M,c0a0cc842668e00c,+91--XXXXXX-2973,XXXX-XXXX-1960,1960-12-24,Senior
P1681,Anika,Agarwal,10,M,4bf2e7c38d5ef7ac,+91--XXXXXX-9622,XXXX-XXXX-6404,2016-02-05,Child
P1682,Krishna,Nair,56,M,9173a5b4c6b5f45c,+91--XXXXXX-1815,XXXX-XXXX-1175,1970-04-13,Adult
P1683,Arjun,Das,30,M,0fee1a6a20276297,+91--XXXXXX-8766,XXXX-XXXX-5722,1996-05-01,Adult
P1684,Kavya,Banerjee,5,F,0214635ec0c9e908,+91--XXXXXX-0205,XXXX-XXXX-8413,2021-10-01,Child
P1685,Myra,Ghosh,33,F,7e039ac120c60dde,+91--XXXXXX-2815,XXXX-XXXX-2312,1993-05-09,Adult
P1686,Ishaan,Khan,65,M,8adc65c09b171378,+91--XXXXXX-1865,XXXX-XXXX-3423,1961-11-28,Senior
P1687,Aadhya,Pillai,18,F,708ad2e84f474841,+91--XXXXXX-2235,XXXX-XXXX-6945,2008-10-04,Youth
P1688,Saanvi,Gupta,49,M,743a028c5b2468b4,+91--XXXXXX-1296,XXXX-XXXX-8496,1977-05-20,Adult
P1689,Ira,Patel,11,F,05bd7ad7509660ee,+91--XXXXXX-8529,XXXX-XXXX-1355,2015-03-25,Child
P1690,Krishna,Kulkarni,85,F,73fe78cd53319632,+91--XXXXXX-3356,XXXX-XXXX-8164,1941-10-07,Senior
P1691,Vivaan,Agarwal,26,M,f32ff4d66c802608,+91--XXXXXX-9713,XXXX-XXXX-5330,2000-08-16,Adult
P1692,Sara,Verma,63,F,a25afb28ae2e7c74,+91--XXXXXX-0048,XXXX-XXXX-3904,1963-01-21,Senior
P1693,Ira,Gupta,89,M,31f462414df9d47f,+91--XXXXXX-3751,XXXX-XXXX-0171,1937-07-24,Senior
P1694,Saanvi,Patel,86,F,65c6a1b5a41b93fe,+91--XXXXXX-9806,XXXX-XXXX-6477,1940-11-04,Senior
P1695,Kavya,Iyer,59,M,d2a8325248d0dc61,+91--XXXXXX-7949,XXXX-XXXX-2135,1967-09-01,Adult
P1696,Riya,Sharma,27,M,15c338a9af737cd1,+91--XXXXXX-0849,XXXX-XXXX-9774,1999-06-25,Adult
P1697,Aditya,Nair,49,F,d97b2c1ea84ad23a,+91--XXXXXX-8826,XXXX-XXXX-1703,1977-01-22,Adult
P1698,Ira,Naidu,77,F,469f12f99bc822bf,+91--XXXXXX-9972,XXXX-XXXX-8547,1949-11-05,Senior
P1699,Vivaan,Agarwal,33,M,24eea52dcac07af6,+91--XXXXXX-1408,XXXX-XXXX-3146,1993-03-22,Adult
P1700,Kavya,Pillai,1,F,6149deca3a26d570,+91--XXXXXX-1146,XXXX-XXXX-0787,2025-06-09,Child
P1701,Aditya,Gupta,21,F,92d190f446cd15e5,+91--XXXXXX-2915,XXXX-XXXX-0745,2005-02-02,Youth
P1702,Aadhya,Mehta,55,M,ac870577a9a3dca0,+91--XXXXXX-2501,XXXX-XXXX-7861,1971-11-02,Adult
P1703,Aditya,Joshi,6,M,e51294fc831c1557,+91--XXXXXX-1983,XXXX-XXXX-1439,2020-12-23,Child
P1704,Shaurya,Singh,81,F,be10caa016aecff5,+91--XXXXXX-7514,XXXX-XXXX-4940,1945-02-06,Senior
P1705,Saanvi,Sharma,69,M,a9db6339d9c49702,+91--XXXXXX-2650,XXXX-XXXX-7207,1957-07-11,Senior
P1706,Arjun,Patel,5,M,4594a426f56a69fa,+91--XXXXXX-7655,XXXX-XXXX-7371,2021-01-27,Child
P1707,Saanvi,Das,3,M,7cfed33e3a8851a6,+91--XXXXXX-9935,XXXX-XXXX-5775,2023-09-09,Child
P1708,Anika,Ghosh,53,F,39175f0101d56e88,+91--XXXXXX-2693,XXXX-XXXX-1480,1973-03-14,Adult
P1709,Sai,Patel,23,F,fea00a296e405561,+91--XXXXXX-4575,XXXX-XXXX-3614,2003-11-22,Youth
P1710,Vivaan,Verma,53,M,4a90f498a55f32f1,+91--XXXXXX-1958,XXXX-XXXX-4309,1973-09-23,Adult
P1711,Ira,Joshi,37,F,b8a473724a20d729,+91--XXXXXX-3722,XXXX-XXXX-7284,1989-10-18,Adult
P1712,Krishna,Joshi,74,M,d240d86da7efb52d,+91--XXXXXX-1598,XXXX-XXXX-2142,1952-12-07,Senior
P1713,Kavya,Verma,74,F,39de5e2d6dd02a11,+91--XXXXXX-6300,XXXX-XXXX-1449,1952-05-06,Senior
P1714,Ira,Joshi,83,M,d229c4655537755c,+91--XXXXXX-8247,XXXX-XXXX-3441,1943-05-19,Senior
P1715,Vivaan,Mishra,17,M,6adde68a45913179,+91--XXXXXX-0359,XXXX-XXXX-7567,2009-07-14,Youth
P1716,Shaurya,Mehta,85,F,98ca72c9bca32ea0,+91--XXXXXX-4081,XXXX-XXXX-8529,1941-09-19,Senior
P1717,Arjun,Pillai,78,M,4dd4c5999b2f6676,+91--XXXXXX-4961,XXXX-XXXX-1041,1948-06-20,Senior
P1718,Aditya,Joshi,73,F,bfc60f27e7d1a9e6,+91--XXXXXX-0225,XXXX-XXXX-8287,1953-03-08,Senior
P1719,Shaurya,Ghosh,1,F,a1b512b3d5075568,+91--XXXXXX-6985,XXXX-XXXX-2918,2025-02-08,Child
P1720,Anika,Agarwal,51,M,511199946ef0fb1d,+91--XXXXXX-7033,XXXX-XXXX-7238,1975-05-27,Adult
P1721,Kavya,Kulkarni,45,M,4938e3580fb129f0,+91--XXXXXX-3185,XXXX-XXXX-2883,1981-08-16,Adult
P1722,Shaurya,Naidu,77,F,ed80eae147fba3ac,+91--XXXXXX-0816,XXXX-XXXX-7662,1949-01-10,Senior
P1723,Kavya,Iyer,4,M,bc68e8154e687239,+91--XXXXXX-4893,XXXX-XXXX-5277,2022-05-01,Child
P1724,Myra,Patel,62,M,3faf965b54fd9c91,+91--XXXXXX-6364,XXXX-XXXX-2595,1964-08-23,Senior
P1725,Aadhya,Singh,65,M,655f46846e6b2534,+91--XXXXXX-5386,XXXX-XXXX-9884,1961-03-23,Senior
P1726,Muhammad,Reddy,32,M,b84904d28477398e,+91--XXXXXX-4817,XXXX-XXXX-1775,1994-04-25,Adult
P1727,Aadhya,Das,34,M,4332b9a3814c485d,+91--XXXXXX-8884,XXXX-XXXX-1759,1992-11-27,Adult
P1728,Ira,Patel,72,F,90fc244e6a067a44,+91--XXXXXX-1617,XXXX-XXXX-2056,1954-10-18,Senior
P1729,Aarav,Naidu,39,F,63caf3d4ae626ff3,+91--XXXXXX-3527,XXXX-XXXX-3098,1987-06-01,Adult
P1730,Myra,Patel,26,M,e40ecba9278c3541,+91--XXXXXX-7681,XXXX-XXXX-9389,2000-09-10,Adult
P1731,Krishna,Mishra,34,M,8c0fa19df73c65db,+91--XXXXXX-0347,XXXX-XXXX-4350,1992-03-07,Adult
P1732,Ira,Reddy,54,M,fb6fc31c243f856c,+91--XXXXXX-2746,XXXX-XXXX-1699,1972-02-18,Adult
P1733,Anika,Nair,3,F,aa0ab3b31a9854c2,+91--XXXXXX-6188,XXXX-XXXX-7430,2023-01-01,Child
P1734,Aadhya,Naidu,50,M,73140b8f53c103db,+91--XXXXXX-8806,XXXX-XXXX-6821,1976-08-04,Adult
P1735,Aarav,Kulkarni,12,F,997454a63fed11a2,+91--XXXXXX-0669,XXXX-XXXX-0368,2014-10-02,Youth
P1736,Aarav,Naidu,65,F,3f04292c92a650ec,+91--XXXXXX-6113,XXXX-XXXX-5593,1961-05-05,Senior
P1737,Ishaan,Chatterjee,54,F,e0b8c42179b48390,+91--XXXXXX-1677,XXXX-XXXX-3745,1972-09-10,Adult
P1738,Ananya,Pillai,5,M,e147319b1fb0b279,+91--XXXXXX-2191,XXXX-XXXX-4132,2021-09-08,Child
P1739,Sai,Pillai,57,F,60016fda3f18c1e2,+91--XXXXXX-9713,XXXX-XXXX-7044,1969-10-13,Adult
P1740,Sara,Chatterjee,17,M,3c916e59bc23aeb8,+91--XXXXXX-3910,XXXX-XXXX-0336,2009-03-22,Youth
P1741,Anika,Ghosh,47,F,f1f5b413a3e79d3b,+91--XXXXXX-1742,XXXX-XXXX-9305,1979-12-27,Adult
P1742,Aditya,Mehta,23,M,3b0e263acdd052dd,+91--XXXXXX-7447,XXXX-XXXX-9984,2003-03-13,Youth
P1743,Saanvi,Mishra,79,F,baed6f0543390f97,+91--XXXXXX-7244,XXXX-XXXX-9609,1947-05-12,Senior
P1744,Saanvi,Pillai,85,M,3580977f0de3d99e,+91--XXXXXX-3824,XXXX-XXXX-7707,1941-01-15,Senior
P1745,Muhammad,Kulkarni,14,F,d79fd112f56b104d,+91--XXXXXX-9319,XXXX-XXXX-8517,2012-03-09,Youth
P1746,Aarav,Mishra,66,M,b0fc2e22eaad9ee0,+91--XXXXXX-5891,XXXX-XXXX-0287,1960-10-11,Senior
P1747,Kavya,Joshi,75,M,f6a7f0b428fe1e5d,+91--XXXXXX-7317,XXXX-XXXX-5118,1951-08-04,Senior
P1748,Sara,Singh,51,M,3d1b4f01a19dc391,+91--XXXXXX-3959,XXXX-XXXX-2059,1975-06-11,Adult
P1749,Sara,Agarwal,38,M,7213ac1123409032,+91--XXXXXX-4202,XXXX-XXXX-9019,1988-04-26,Adult
P1750,Ananya,Verma,64,F,ceb27a89355e87c6,+91--XXXXXX-3535,XXXX-XXXX-9898,1962-12-14,Senior
P1751,Sai,Reddy,38,F,e37ea313137caaec,+91--XXXXXX-4119,XXXX-XXXX-3943,1988-06-08,Adult
P1752,Ira,Singh,50,M,e2d46807fd9fc946,+91--XXXXXX-4256,XXXX-XXXX-8815,1976-11-16,Adult
P1753,Diya,Reddy,82,F,31698f61b113e8b9,+91--XXXXXX-5743,XXXX-XXXX-2944,1944-06-11,Senior
P1754,Arjun,Gupta,30,M,a973c3b15722bb66,+91--XXXXXX-6530,XXXX-XXXX-0216,1996-05-25,Adult
P1755,Reyansh,Verma,79,M,3b81f6bb43533acb,+91--XXXXXX-3403,XXXX-XXXX-8866,1947-06-05,Senior
P1756,Ira,Nair,51,F,ecaefec87e8652e8,+91--XXXXXX-6473,XXXX-XXXX-0157,1975-07-21,Adult
P1757,Anika,Ghosh,63,M,ea30e37529c24061,+91--XXXXXX-3993,XXXX-XXXX-9957,1963-07-11,Senior
P1758,Shaurya,Agarwal,52,M,a9e49b9930724ac2,+91--XXXXXX-7238,XXXX-XXXX-9889,1974-09-28,Adult
P1759,Vivaan,Pillai,38,F,e1d82704b5395d61,+91--XXXXXX-3943,XXXX-XXXX-4995,1988-02-12,Adult
P1760,Sai,Agarwal,88,M,30c3567d0b770a3a,+91--XXXXXX-3255,XXXX-XXXX-9134,1938-03-04,Senior
P1761,Myra,Joshi,79,M,9aaa4f4f221557e2,+91--XXXXXX-6972,XXXX-XXXX-5349,1947-07-24,Senior
P1762,Sara,Nair,30,M,76a791d71a2ffd4b,+91--XXXXXX-0057,XXXX-XXXX-1241,1996-06-26,Adult
P1763,Sara,Patel,51,M,04c100d34a788776,+91--XXXXXX-8560,XXXX-XXXX-1506,1975-02-23,Adult
P1764,Myra,Gupta,81,F,4a8fa00f59943a05,+91--XXXXXX-9023,XXXX-XXXX-3472,1945-08-27,Senior
P1765,Saanvi,Gupta,5,F,5e541e91bf7450e4,+91--XXXXXX-9088,XXXX-XXXX-7893,2021-12-06,Child
P1766,Ira,Banerjee,29,F,6a778da5aacfbaee,+91--XXXXXX-4681,XXXX-XXXX-2434,1997-11-16,Adult
P1767,Sai,Singh,4,M,329e740bf0ce0a86,+91--XXXXXX-8074,XXXX-XXXX-6753,2022-11-14,Child
P1768,Krishna,Ghosh,10,M,230048150025d648,+91--XXXXXX-6405,XXXX-XXXX-6304,2016-05-17,Child
P1769,Aditya,Ghosh,56,F,f076b7e589e84685,+91--XXXXXX-7000,XXXX-XXXX-6404,1970-08-24,Adult
P1770,Myra,Mehta,17,M,f34bf08891d22a6c,+91--XXXXXX-5620,XXXX-XXXX-3199,2009-06-05,Youth
P1771,Kavya,Reddy,74,M,10cdcb82fbb344cd,+91--XXXXXX-7184,XXXX-XXXX-8358,1952-04-06,Senior
P1772,Sai,Chatterjee,17,M,ac408507e2add918,+91--XXXXXX-3896,XXXX-XXXX-3000,2009-09-04,Youth
P1773,Saanvi,Singh,84,M,21568c46bbed0fcb,+91--XXXXXX-8571,XXXX-XXXX-0416,1942-11-13,Senior
P1774,Aditya,Ghosh,88,F,c9d8dcd9846dddff,+91--XXXXXX-8542,XXXX-XXXX-2196,1938-04-27,Senior
P1775,Kavya,Das,69,F,67890442b1a34636,+91--XXXXXX-2258,XXXX-XXXX-1497,1957-07-10,Senior
P1776,Ananya,Banerjee,34,F,8876beed51e77b15,+91--XXXXXX-2289,XXXX-XXXX-6076,1992-06-25,Adult
P1777,Arjun,Sharma,6,M,312e0aaccdcf339b,+91--XXXXXX-1597,XXXX-XXXX-9145,2020-03-26,Child
P1778,Krishna,Verma,53,F,3488219c7727729e,+91--XXXXXX-6140,XXXX-XXXX-9789,1973-04-02,Adult
P1779,Muhammad,Naidu,66,F,bc2db7f0119e67c5,+91--XXXXXX-9789,XXXX-XXXX-0438,1960-08-18,Senior
P1780,Reyansh,Naidu,77,M,d53001d128c6a8a9,+91--XXXXXX-8933,XXXX-XXXX-6162,1949-01-06,Senior
P1781,Arjun,Singh,43,M,7b76ae80ffd3d293,+91--XXXXXX-2642,XXXX-XXXX-7286,1983-07-01,Adult
P1782,Sara,Nair,75,F,0bcb8dcb027e3d83,+91--XXXXXX-4290,XXXX-XXXX-5622,1951-08-03,Senior
P1783,Anika,Kulkarni,23,F,eb96b870a3286c38,+91--XXXXXX-1918,XXXX-XXXX-9792,2003-02-12,Youth
P1784,Ira,Kulkarni,55,F,d471990f2b052a40,+91--XXXXXX-5234,XXXX-XXXX-9648,1971-09-21,Adult
P1785,Aadhya,Kulkarni,80,F,35cfe4dc49cd6835,+91--XXXXXX-1420,XXXX-XXXX-2896,1946-06-19,Senior
P1786,Krishna,Verma,75,M,722f3637b61b5f77,+91--XXXXXX-1325,XXXX-XXXX-9222,1951-08-28,Senior
P1787,Reyansh,Mehta,16,F,81b8d77e9a931183,+91--XXXXXX-3612,XXXX-XXXX-8138,2010-07-13,Youth
P1788,Reyansh,Mishra,8,F,76fb23e4f5f53dcc,+91--XXXXXX-9366,XXXX-XXXX-4268,2018-08-16,Child
P1789,Anika,Ghosh,4,M,b241a568c6ebb79f,+91--XXXXXX-6021,XXXX-XXXX-3983,2022-07-12,Child
P1790,Sai,Banerjee,4,F,f9f83fac2e2f5460,+91--XXXXXX-7395,XXXX-XXXX-1548,2022-01-20,Child
P1791,Ananya,Joshi,56,M,213cb7be293ea937,+91--XXXXXX-5166,XXXX-XXXX-0797,1970-08-06,Adult
P1792,Ishaan,Chatterjee,25,M,e76bab6e7d54f022,+91--XXXXXX-0063,XXXX-XXXX-1070,2001-06-04,Adult
P1793,Anika,Joshi,67,M,33e79b2b94786b9d,+91--XXXXXX-1740,XXXX-XXXX-0660,1959-02-07,Senior
P1794,Krishna,Joshi,67,F,214ee674abb332f7,+91--XXXXXX-1695,XXXX-XXXX-8620,1959-05-09,Senior
P1795,Sara,Chatterjee,27,F,104d09d14d104d6b,+91--XXXXXX-5063,XXXX-XXXX-1212,1999-06-19,Adult
P1796,Diya,Agarwal,32,M,339a06b075dab042,+91--XXXXXX-9566,XXXX-XXXX-2406,1994-12-10,Adult
P1797,Anika,Joshi,50,F,ddcf82dc35776611,+91--XXXXXX-1347,XXXX-XXXX-4474,1976-02-16,Adult
P1798,Aarav,Mishra,61,F,565ec0737d6196d0,+91--XXXXXX-4710,XXXX-XXXX-9365,1965-11-26,Senior
P1799,Muhammad,Singh,51,M,b581e50d098dfb88,+91--XXXXXX-4224,XXXX-XXXX-7401,1975-09-22,Adult
P1800,Reyansh,Joshi,19,M,9e24ad901bd8e5aa,+91--XXXXXX-5515,XXXX-XXXX-5150,2007-03-14,Youth
P1801,Arjun,Sharma,21,F,43c58e4afa29d86c,+91--XXXXXX-8632,XXXX-XXXX-0797,2005-10-19,Youth
P1802,Myra,Gupta,5,M,092247859532abb7,+91--XXXXXX-4141,XXXX-XXXX-0381,2021-07-14,Child
P1803,Krishna,Singh,82,F,e217d9892e259b6e,+91--XXXXXX-0563,XXXX-XXXX-9225,1944-01-03,Senior
P1804,Muhammad,Banerjee,42,F,c1088b7623f28308,+91--XXXXXX-2930,XXXX-XXXX-2441,1984-03-08,Adult
P1805,Kavya,Patel,61,F,36f26c75ac2fc591,+91--XXXXXX-5965,XXXX-XXXX-1786,1965-12-07,Senior
P1806,Sai,Ghosh,22,F,33ad953ee1e5214b,+91--XXXXXX-2034,XXXX-XXXX-5469,2004-07-18,Youth
P1807,Aadhya,Kulkarni,21,M,fcbd66f35a1726ac,+91--XXXXXX-8145,XXXX-XXXX-5809,2005-10-25,Youth
P1808,Aditya,Joshi,70,M,fdcd3afe366b181a,+91--XXXXXX-9993,XXXX-XXXX-1715,1956-11-24,Senior
P1809,Diya,Mishra,1,M,0b000e27f0a8ed2c,+91--XXXXXX-5514,XXXX-XXXX-0766,2025-01-10,Child
P1810,Ishaan,Naidu,5,M,de33b2103b38c5a7,+91--XXXXXX-6236,XXXX-XXXX-5126,2021-09-25,Child
P1811,Muhammad,Banerjee,12,F,7e7c534c195d2937,+91--XXXXXX-7051,XXXX-XXXX-6074,2014-01-04,Youth
P1812,Muhammad,Patel,46,F,4cf95c7516ee3f04,+91--XXXXXX-0681,XXXX-XXXX-0155,1980-01-05,Adult
P1813,Kavya,Joshi,34,M,5b8b6a3b936af693,+91--XXXXXX-5954,XXXX-XXXX-4161,1992-04-19,Adult
P1814,Reyansh,Pillai,49,F,a866f5b35bfe7fce,+91--XXXXXX-5575,XXXX-XXXX-6424,1977-09-22,Adult
P1815,Myra,Agarwal,78,F,cfd4135386e89ea8,+91--XXXXXX-6885,XXXX-XXXX-4479,1948-11-11,Senior
P1816,Shaurya,Joshi,45,F,2a6d12b441126dd3,+91--XXXXXX-3760,XXXX-XXXX-9695,1981-09-13,Adult
P1817,Reyansh,Patel,27,M,1b43f1a2c310a5d3,+91--XXXXXX-0534,XXXX-XXXX-8264,1999-07-02,Adult
P1818,Aditya,Das,73,M,1c13b4e85666a377,+91--XXXXXX-3476,XXXX-XXXX-4577,1953-01-05,Senior
P1819,Vivaan,Joshi,26,M,ff5be412d9c9c7e2,+91--XXXXXX-9588,XXXX-XXXX-3682,2000-07-20,Adult
P1820,Myra,Banerjee,47,F,30d2f15c0c26858a,+91--XXXXXX-3004,XXXX-XXXX-8653,1979-07-20,Adult
P1821,Aadhya,Pillai,86,M,651eeab5ae871732,+91--XXXXXX-7727,XXXX-XXXX-6774,1940-08-06,Senior
P1822,Ira,Agarwal,56,M,a535737de2c51e55,+91--XXXXXX-5531,XXXX-XXXX-6663,1970-11-01,Adult
P1823,Reyansh,Banerjee,63,M,86798fc880e7c6c0,+91--XXXXXX-0594,XXXX-XXXX-5932,1963-10-21,Senior
P1824,Ira,Agarwal,48,M,eae51e48c13aee8a,+91--XXXXXX-2212,XXXX-XXXX-5327,1978-12-07,Adult
P1825,Ishaan,Iyer,61,M,9c53cf3a04676c0e,+91--XXXXXX-6943,XXXX-XXXX-7327,1965-09-21,Senior
P1826,Ananya,Agarwal,81,M,05a9ed5f295f208b,+91--XXXXXX-1192,XXXX-XXXX-6164,1945-12-18,Senior
P1827,Ananya,Khan,26,F,660298630bbf6de1,+91--XXXXXX-8471,XXXX-XXXX-7611,2000-03-28,Adult
P1828,Reyansh,Banerjee,36,F,be2a901f73742fb7,+91--XXXXXX-5388,XXXX-XXXX-4151,1990-08-23,Adult
P1829,Ananya,Reddy,1,M,e0c3711d3f4e57d0,+91--XXXXXX-1709,XXXX-XXXX-4902,2025-03-17,Child
P1830,Myra,Joshi,8,M,187991c549bd0f94,+91--XXXXXX-0065,XXXX-XXXX-7742,2018-12-26,Child
P1831,Diya,Banerjee,52,F,7f52c554344e99a6,+91--XXXXXX-3849,XXXX-XXXX-2904,1974-06-24,Adult
P1832,Kavya,Banerjee,79,F,e995e704885689ff,+91--XXXXXX-7289,XXXX-XXXX-5672,1947-09-16,Senior
P1833,Aadhya,Das,47,M,e537ddcf24735853,+91--XXXXXX-4854,XXXX-XXXX-4913,1979-06-16,Adult
P1834,Riya,Singh,56,M,bd96fbbf3d810b00,+91--XXXXXX-6903,XXXX-XXXX-8148,1970-09-28,Adult
P1835,Ishaan,Naidu,86,M,9ef8a97fdbc69913,+91--XXXXXX-7726,XXXX-XXXX-3372,1940-01-20,Senior
P1836,Saanvi,Chatterjee,14,M,8b4e600a348db7b9,+91--XXXXXX-6189,XXXX-XXXX-3997,2012-08-04,Youth
P1837,Ananya,Gupta,28,F,ce992ec6f574a275,+91--XXXXXX-1535,XXXX-XXXX-1893,1998-10-16,Adult
P1838,Ishaan,Kulkarni,87,M,abe2dcf3581d9a37,+91--XXXXXX-0167,XXXX-XXXX-4694,1939-08-21,Senior
P1839,Ishaan,Nair,78,M,6f6df0611221766e,+91--XXXXXX-1690,XXXX-XXXX-4884,1948-11-15,Senior
P1840,Aditya,Joshi,88,M,6f94db63239bfd55,+91--XXXXXX-5512,XXXX-XXXX-6417,1938-06-21,Senior
P1841,Diya,Das,2,M,72771b3be3f8c7eb,+91--XXXXXX-1584,XXXX-XXXX-7149,2024-04-19,Child
P1842,Ira,Banerjee,26,F,b44073dcc768d127,+91--XXXXXX-0042,XXXX-XXXX-7964,2000-04-09,Adult
P1843,Vivaan,Patel,14,F,33f15901315cf927,+91--XXXXXX-3949,XXXX-XXXX-9660,2012-07-02,Youth
P1844,Vivaan,Pillai,59,F,5fee2682b7bd69f4,+91--XXXXXX-4641,XXXX-XXXX-5056,1967-07-11,Adult
P1845,Aadhya,Sharma,56,M,700a0a7dbb7dcf73,+91--XXXXXX-1850,XXXX-XXXX-2579,1970-08-02,Adult
P1846,Vivaan,Verma,7,M,1c52e383d53912e6,+91--XXXXXX-0238,XXXX-XXXX-4857,2019-05-04,Child
P1847,Ananya,Agarwal,3,F,90646699db2c8660,+91--XXXXXX-9762,XXXX-XXXX-3817,2023-04-11,Child
P1848,Kavya,Reddy,23,M,2a1676c5ded9c6dc,+91--XXXXXX-4623,XXXX-XXXX-3257,2003-04-15,Youth
P1849,Anika,Nair,18,M,2ac5b43f66bd153e,+91--XXXXXX-8711,XXXX-XXXX-6708,2008-01-17,Youth
P1850,Aarav,Agarwal,38,F,8317c19537b35a84,+91--XXXXXX-1423,XXXX-XXXX-5119,1988-02-18,Adult
P1851,Reyansh,Patel,15,F,78b18cb5e6b2283b,+91--XXXXXX-0532,XXXX-XXXX-4772,2011-11-11,Youth
P1852,Sai,Gupta,64,F,492592d13de8047a,+91--XXXXXX-2752,XXXX-XXXX-4096,1962-01-01,Senior
P1853,Diya,Agarwal,89,F,d03eefd950d31faa,+91--XXXXXX-8441,XXXX-XXXX-9592,1937-04-25,Senior
P1854,Kavya,Banerjee,28,M,094f2efc26f3fe1b,+91--XXXXXX-9665,XXXX-XXXX-5155,1998-04-22,Adult
P1855,Muhammad,Naidu,74,M,4dd4aaeadc22df71,+91--XXXXXX-8081,XXXX-XXXX-7160,1952-08-28,Senior
P1856,Diya,Khan,39,F,3bf95e0d37dcf56d,+91--XXXXXX-3440,XXXX-XXXX-1289,1987-12-17,Adult
P1857,Ira,Khan,57,M,2429f20382674423,+91--XXXXXX-9890,XXXX-XXXX-3185,1969-08-09,Adult
P1858,Myra,Gupta,17,F,bc90763b1d9f9c37,+91--XXXXXX-0359,XXXX-XXXX-4164,2009-04-23,Youth
P1859,Shaurya,Khan,86,F,638a70ba2ebf145f,+91--XXXXXX-3093,XXXX-XXXX-2282,1940-12-26,Senior
P1860,Sara,Chatterjee,44,M,8909a7a0efd7a24d,+91--XXXXXX-8307,XXXX-XXXX-9500,1982-06-01,Adult
P1861,Ananya,Mishra,25,F,8fdeb6b78e8d9719,+91--XXXXXX-7448,XXXX-XXXX-2105,2001-04-03,Adult
P1862,Diya,Joshi,17,M,5d200fe1a8a87792,+91--XXXXXX-9944,XXXX-XXXX-4774,2009-03-11,Youth
P1863,Diya,Agarwal,13,M,b7508a97949590c3,+91--XXXXXX-8259,XXXX-XXXX-2231,2013-12-04,Youth
P1864,Anika,Singh,84,M,c9d6b5dc6a2b54a3,+91--XXXXXX-6848,XXXX-XXXX-9889,1942-05-25,Senior
P1865,Ishaan,Mehta,25,M,a407acf42b7e3e44,+91--XXXXXX-1549,XXXX-XXXX-0203,2001-03-13,Adult
P1866,Ishaan,Gupta,68,F,71cf4908b4b292f8,+91--XXXXXX-3453,XXXX-XXXX-7948,1958-08-04,Senior
P1867,Kavya,Das,10,M,3e66e2efe6210b0b,+91--XXXXXX-4359,XXXX-XXXX-8415,2016-07-21,Child
P1868,Myra,Patel,67,F,388be6437cad60b0,+91--XXXXXX-8281,XXXX-XXXX-4768,1959-02-28,Senior
P1869,Ira,Reddy,18,F,a1016259a7df264c,+91--XXXXXX-4753,XXXX-XXXX-9298,2008-09-02,Youth
P1870,Reyansh,Patel,86,F,598112aae61a9826,+91--XXXXXX-7767,XXXX-XXXX-3289,1940-07-28,Senior
P1871,Ananya,Kulkarni,34,F,50cbc8f46e513780,+91--XXXXXX-9054,XXXX-XXXX-2401,1992-05-23,Adult
P1872,Krishna,Joshi,8,M,3116909e5bee70c5,+91--XXXXXX-8755,XXXX-XXXX-2362,2018-11-14,Child
P1873,Shaurya,Reddy,40,M,81bfd24bad3bd434,+91--XXXXXX-3551,XXXX-XXXX-2372,1986-11-09,Adult
P1874,Muhammad,Naidu,83,F,931d0eab2e74e6f0,+91--XXXXXX-2200,XXXX-XXXX-7418,1943-12-20,Senior
P1875,Ishaan,Agarwal,42,F,d222af4a0f24e6df,+91--XXXXXX-4355,XXXX-XXXX-9274,1984-04-17,Adult
P1876,Arjun,Ghosh,41,M,5990e60af0919be8,+91--XXXXXX-2690,XXXX-XXXX-7396,1985-11-09,Adult
P1877,Ananya,Khan,6,F,d5d3db846564286b,+91--XXXXXX-5640,XXXX-XXXX-1919,2020-02-04,Child
P1878,Kavya,Sharma,52,M,4037b57123ddc10a,+91--XXXXXX-1319,XXXX-XXXX-8066,1974-11-01,Adult
P1879,Arjun,Kulkarni,26,F,43ee11b695cc84de,+91--XXXXXX-4873,XXXX-XXXX-5534,2000-08-26,Adult
P1880,Reyansh,Khan,64,M,592d9e4711c4ff6b,+91--XXXXXX-3412,XXXX-XXXX-2715,1962-06-20,Senior
P1881,Shaurya,Gupta,59,F,68668f9550cdb1c9,+91--XXXXXX-5950,XXXX-XXXX-6347,1967-06-11,Adult
P1882,Krishna,Ghosh,56,F,e3137d9318263f89,+91--XXXXXX-9026,XXXX-XXXX-8848,1970-09-06,Adult
P1883,Riya,Chatterjee,59,M,a396a9818d76c628,+91--XXXXXX-6186,XXXX-XXXX-5626,1967-02-28,Adult
P1884,Ananya,Chatterjee,70,F,bd5fc31e3fc18657,+91--XXXXXX-6573,XXXX-XXXX-7333,1956-04-15,Senior
P1885,Ira,Chatterjee,33,F,d3d1e014599dc8b3,+91--XXXXXX-4107,XXXX-XXXX-8936,1993-03-28,Adult
P1886,Diya,Pillai,53,M,1476aa9fc87b23f2,+91--XXXXXX-0042,XXXX-XXXX-3585,1973-02-23,Adult
P1887,Ira,Gupta,22,F,fb3d5ad9234f1085,+91--XXXXXX-5406,XXXX-XXXX-5193,2004-12-12,Youth
P1888,Muhammad,Naidu,21,M,d8da505020ed32eb,+91--XXXXXX-7507,XXXX-XXXX-6120,2005-09-15,Youth
P1889,Aadhya,Patel,70,M,646a644447942faf,+91--XXXXXX-5986,XXXX-XXXX-0976,1956-12-25,Senior
P1890,Reyansh,Sharma,70,F,ea30fdb19ed975f9,+91--XXXXXX-6275,XXXX-XXXX-2339,1956-03-27,Senior
P1891,Shaurya,Banerjee,4,F,d2354022a383270a,+91--XXXXXX-5469,XXXX-XXXX-6672,2022-06-06,Child
P1892,Aadhya,Mehta,75,F,f9caaa9719bd64cc,+91--XXXXXX-6877,XXXX-XXXX-3351,1951-06-15,Senior
P1893,Ananya,Nair,62,F,d5f012a51f452318,+91--XXXXXX-5151,XXXX-XXXX-8005,1964-07-10,Senior
P1894,Krishna,Naidu,62,F,63c572ed8a147cff,+91--XXXXXX-6118,XXXX-XXXX-1295,1964-10-06,Senior
P1895,Riya,Kulkarni,24,F,ce89ccb1c09cc4ae,+91--XXXXXX-0074,XXXX-XXXX-4152,2002-10-17,Youth
P1896,Saanvi,Khan,55,F,f8a07c8962867ea4,+91--XXXXXX-8745,XXXX-XXXX-7181,1971-06-08,Adult
P1897,Krishna,Mehta,9,M,9ffb426aae6d84c7,+91--XXXXXX-8928,XXXX-XXXX-1815,2017-09-19,Child
P1898,Shaurya,Singh,3,F,7e62b34d8424dcda,+91--XXXXXX-0386,XXXX-XXXX-6666,2023-02-16,Child
P1899,Shaurya,Ghosh,31,M,7ec902156e90bba2,+91--XXXXXX-1137,XXXX-XXXX-0803,1995-02-10,Adult
P1900,Riya,Iyer,40,F,7fc7c806a4c86848,+91--XXXXXX-5959,XXXX-XXXX-5806,1986-12-17,Adult
P1901,Aarav,Patel,36,F,a09536e1f504a5cf,+91--XXXXXX-1415,XXXX-XXXX-1373,1990-10-21,Adult
P1902,Vivaan,Pillai,24,M,0510b49c577fed24,+91--XXXXXX-9511,XXXX-XXXX-6356,2002-01-05,Youth
P1903,Aarav,Nair,6,F,58f1aab687c65ce9,+91--XXXXXX-3742,XXXX-XXXX-6664,2020-04-27,Child
P1904,Shaurya,Joshi,66,F,6a2f0b290b149f5f,+91--XXXXXX-4283,XXXX-XXXX-1271,1960-03-18,Senior
P1905,Vivaan,Pillai,84,M,971a49465d4cc3e5,+91--XXXXXX-8747,XXXX-XXXX-1163,1942-02-18,Senior
P1906,Sai,Chatterjee,75,F,b39d36c62fdf89dd,+91--XXXXXX-5484,XXXX-XXXX-0902,1951-06-28,Senior
P1907,Sai,Sharma,4,F,2617e78ba41c4904,+91--XXXXXX-5498,XXXX-XXXX-1323,2022-06-22,Child
P1908,Aadhya,Sharma,79,F,cd0f01e48b4dcbf8,+91--XXXXXX-6016,XXXX-XXXX-8501,1947-11-03,Senior
P1909,Ananya,Chatterjee,6,M,dae800087dc54cbc,+91--XXXXXX-1903,XXXX-XXXX-6090,2020-07-25,Child
P1910,Krishna,Sharma,51,F,92c1f9ed0cc6fffb,+91--XXXXXX-4444,XXXX-XXXX-4967,1975-12-08,Adult
P1911,Shaurya,Joshi,62,F,75d8c3a8fdb67468,+91--XXXXXX-7962,XXXX-XXXX-4264,1964-03-12,Senior
P1912,Diya,Kulkarni,57,F,465a67341a1aaa8c,+91--XXXXXX-5867,XXXX-XXXX-2536,1969-07-14,Adult
P1913,Ananya,Nair,66,F,013760901c537cfd,+91--XXXXXX-6118,XXXX-XXXX-1874,1960-10-14,Senior
P1914,Diya,Banerjee,79,M,a12fb97a81a55bb1,+91--XXXXXX-3248,XXXX-XXXX-0369,1947-11-06,Senior
P1915,Sai,Patel,75,M,96eea839af4612a5,+91--XXXXXX-4209,XXXX-XXXX-2759,1951-10-17,Senior
P1916,Myra,Das,8,F,21d01215ce722a3f,+91--XXXXXX-4295,XXXX-XXXX-5323,2018-05-27,Child
P1917,Krishna,Gupta,26,F,fd31c8ffc37e61df,+91--XXXXXX-9920,XXXX-XXXX-1822,2000-03-14,Adult
P1918,Ananya,Ghosh,51,M,248bbd32c923841d,+91--XXXXXX-2308,XXXX-XXXX-1026,1975-08-13,Adult
P1919,Aarav,Iyer,45,M,e926c5800c35599b,+91--XXXXXX-8262,XXXX-XXXX-0795,1981-06-03,Adult
P1920,Reyansh,Agarwal,44,F,08405d4b1c43d39e,+91--XXXXXX-5140,XXXX-XXXX-4159,1982-08-01,Adult
P1921,Ishaan,Chatterjee,5,M,c7835f24e2cfb092,+91--XXXXXX-6961,XXXX-XXXX-5203,2021-12-10,Child
P1922,Aditya,Ghosh,70,F,0e1cef02064155b0,+91--XXXXXX-6172,XXXX-XXXX-2909,1956-01-10,Senior
P1923,Sai,Gupta,26,M,754706f329ccef94,+91--XXXXXX-8545,XXXX-XXXX-6652,2000-06-24,Adult
P1924,Anika,Reddy,68,M,b3084881c420bb32,+91--XXXXXX-7670,XXXX-XXXX-0213,1958-02-06,Senior
P1925,Diya,Naidu,19,M,602b62012c404c02,+91--XXXXXX-2816,XXXX-XXXX-1297,2007-11-28,Youth
P1926,Krishna,Iyer,84,M,7b8e57b6dba4d8e7,+91--XXXXXX-6858,XXXX-XXXX-0633,1942-01-23,Senior
P1927,Sai,Reddy,20,F,c241b07bc7a204ff,+91--XXXXXX-2199,XXXX-XXXX-4907,2006-03-17,Youth
P1928,Shaurya,Agarwal,12,M,76e7924fcabb945f,+91--XXXXXX-8473,XXXX-XXXX-3253,2014-03-13,Youth
P1929,Aarav,Sharma,47,M,3069de53f24a8757,+91--XXXXXX-3649,XXXX-XXXX-8044,1979-03-03,Adult
P1930,Vivaan,Gupta,1,F,461ee0aa832e821d,+91--XXXXXX-5834,XXXX-XXXX-5959,2025-11-03,Child
P1931,Arjun,Verma,14,M,fb788646a9093641,+91--XXXXXX-0209,XXXX-XXXX-5833,2012-10-06,Youth
P1932,Ira,Gupta,64,M,46dd4abad4930a9c,+91--XXXXXX-2108,XXXX-XXXX-2310,1962-07-16,Senior
P1933,Ira,Khan,38,F,7e111d8e867fe911,+91--XXXXXX-9456,XXXX-XXXX-3379,1988-12-16,Adult
P1934,Shaurya,Verma,37,M,42e62a8d8ee57aad,+91--XXXXXX-6116,XXXX-XXXX-4238,1989-08-26,Adult
P1935,Myra,Kulkarni,11,F,9bd1c95d8eef9b22,+91--XXXXXX-7747,XXXX-XXXX-1928,2015-05-11,Child
P1936,Riya,Verma,77,F,6526b69d3c3a8663,+91--XXXXXX-0123,XXXX-XXXX-3535,1949-11-16,Senior
P1937,Anika,Gupta,3,F,b8123de934c62cc0,+91--XXXXXX-5036,XXXX-XXXX-3379,2023-08-01,Child
P1938,Reyansh,Joshi,33,F,3b2c3ab5fc097bfd,+91--XXXXXX-0771,XXXX-XXXX-4176,1993-04-26,Adult
P1939,Reyansh,Mishra,6,M,29581faa509b9564,+91--XXXXXX-8439,XXXX-XXXX-7824,2020-06-16,Child
P1940,Reyansh,Reddy,50,F,149adcb02c012a21,+91--XXXXXX-9762,XXXX-XXXX-8436,1976-07-23,Adult
P1941,Riya,Naidu,10,M,f19d07ea8c20247d,+91--XXXXXX-3602,XXXX-XXXX-7276,2016-09-06,Child
P1942,Riya,Pillai,5,M,704815183c4ea79b,+91--XXXXXX-1910,XXXX-XXXX-4292,2021-06-01,Child
P1943,Shaurya,Naidu,23,M,ed9b75c15c79997f,+91--XXXXXX-7550,XXXX-XXXX-6562,2003-06-20,Youth
P1944,Riya,Gupta,10,M,d5c6333b138852ea,+91--XXXXXX-7555,XXXX-XXXX-1221,2016-09-06,Child
P1945,Riya,Verma,44,M,a4b6a5ef309c3e7b,+91--XXXXXX-5227,XXXX-XXXX-0800,1982-11-27,Adult
P1946,Aditya,Mehta,2,M,b9dafa1aba408ee2,+91--XXXXXX-1106,XXXX-XXXX-6608,2024-05-16,Child
P1947,Muhammad,Sharma,13,M,1f7934a6acbd174b,+91--XXXXXX-1380,XXXX-XXXX-7051,2013-10-12,Youth
P1948,Ishaan,Verma,40,M,a94040ce648c88a3,+91--XXXXXX-0378,XXXX-XXXX-5862,1986-04-25,Adult
P1949,Saanvi,Ghosh,2,M,b9646ac0287338bc,+91--XXXXXX-1333,XXXX-XXXX-7986,2024-04-06,Child
P1950,Arjun,Mehta,84,M,4b3c9087a668662e,+91--XXXXXX-3480,XXXX-XXXX-5703,1942-10-27,Senior
P1951,Vivaan,Banerjee,65,F,04a40ca73540e38a,+91--XXXXXX-8785,XXXX-XXXX-6576,1961-10-25,Senior
P1952,Myra,Das,63,F,adb8bf0cae8bb474,+91--XXXXXX-4596,XXXX-XXXX-0900,1963-05-01,Senior
P1953,Kavya,Iyer,73,F,c640ad60dbbc9906,+91--XXXXXX-7590,XXXX-XXXX-5146,1953-11-01,Senior
P1954,Anika,Agarwal,17,M,03611878bbf48902,+91--XXXXXX-1181,XXXX-XXXX-2011,2009-12-08,Youth
P1955,Aarav,Das,9,F,8cd1bbe55e9f6a4e,+91--XXXXXX-2059,XXXX-XXXX-6007,2017-07-27,Child
P1956,Aarav,Iyer,75,F,c50e4f4680f81534,+91--XXXXXX-9395,XXXX-XXXX-4043,1951-04-23,Senior
P1957,Ishaan,Verma,15,F,bb64fc119c7f69e7,+91--XXXXXX-7845,XXXX-XXXX-5195,2011-08-27,Youth
P1958,Arjun,Ghosh,24,M,b04d3728e14e47a1,+91--XXXXXX-2887,XXXX-XXXX-9657,2002-06-25,Youth
P1959,Sai,Khan,38,M,696f90da5ca70df7,+91--XXXXXX-0101,XXXX-XXXX-2557,1988-08-25,Adult
P1960,Kavya,Mishra,35,M,743627af241d5264,+91--XXXXXX-8616,XXXX-XXXX-2361,1991-07-04,Adult
P1961,Muhammad,Iyer,49,M,29bcd902dbf45777,+91--XXXXXX-2800,XXXX-XXXX-7155,1977-09-13,Adult
P1962,Krishna,Singh,69,F,8b4f8b3795bfe215,+91--XXXXXX-6149,XXXX-XXXX-0817,1957-03-03,Senior
P1963,Sara,Pillai,62,F,ded6aac149eb77cc,+91--XXXXXX-4685,XXXX-XXXX-0413,1964-03-27,Senior
P1964,Shaurya,Verma,60,F,31310ca8d7f19172,+91--XXXXXX-2580,XXXX-XXXX-5653,1966-05-14,Senior
P1965,Aarav,Banerjee,50,F,e348846945d6964f,+91--XXXXXX-1852,XXXX-XXXX-0476,1976-09-25,Adult
P1966,Riya,Singh,78,M,6358f9fe5400a08e,+91--XXXXXX-9106,XXXX-XXXX-1748,1948-02-03,Senior
P1967,Ananya,Iyer,75,M,e5e48696e0b0c1ae,+91--XXXXXX-5591,XXXX-XXXX-8739,1951-07-04,Senior
P1968,Shaurya,Patel,9,M,bbc08fc794f53385,+91--XXXXXX-9607,XXXX-XXXX-9680,2017-05-19,Child
P1969,Shaurya,Chatterjee,34,F,17de59373411bb4e,+91--XXXXXX-3752,XXXX-XXXX-1213,1992-08-16,Adult
P1970,Vivaan,Verma,76,M,040230786a8f4b31,+91--XXXXXX-4153,XXXX-XXXX-7371,1950-02-06,Senior
P1971,Vivaan,Ghosh,35,M,ee54c43974a59508,+91--XXXXXX-1620,XXXX-XXXX-8581,1991-07-16,Adult
P1972,Aditya,Joshi,1,F,1446d0aee59e6e2b,+91--XXXXXX-4025,XXXX-XXXX-6832,2025-02-01,Child
P1973,Kavya,Mishra,40,F,2f68e95a32b4bef0,+91--XXXXXX-4480,XXXX-XXXX-1296,1986-02-18,Adult
P1974,Kavya,Mishra,64,M,6cefd1bf15bc00ce,+91--XXXXXX-6098,XXXX-XXXX-0184,1962-10-17,Senior
P1975,Riya,Patel,22,M,a77da039f019a09f,+91--XXXXXX-0408,XXXX-XXXX-7312,2004-07-18,Youth
P1976,Reyansh,Khan,60,M,eb23e89b7af3c4d2,+91--XXXXXX-6986,XXXX-XXXX-2365,1966-04-27,Senior
P1977,Shaurya,Joshi,64,M,983cbfb95f47aca6,+91--XXXXXX-3412,XXXX-XXXX-7932,1962-08-20,Senior
P1978,Vivaan,Sharma,72,M,dd19325002bc392a,+91--XXXXXX-1192,XXXX-XXXX-9061,1954-09-03,Senior
P1979,Kavya,Gupta,11,M,179497ab756e6154,+91--XXXXXX-0295,XXXX-XXXX-5478,2015-08-13,Child
P1980,Arjun,Ghosh,14,F,4cc43daa68dbfb64,+91--XXXXXX-7212,XXXX-XXXX-4444,2012-10-17,Youth
P1981,Diya,Gupta,60,F,99a364a45c06cad0,+91--XXXXXX-8818,XXXX-XXXX-6449,1966-07-22,Senior
P1982,Aadhya,Das,30,F,a5e24afa568a84aa,+91--XXXXXX-3389,XXXX-XXXX-9821,1996-12-24,Adult
P1983,Muhammad,Khan,35,M,295b8bf00c884dda,+91--XXXXXX-8137,XXXX-XXXX-7789,1991-05-17,Adult
P1984,Ishaan,Singh,85,F,7de82ad0eaaa655f,+91--XXXXXX-8650,XXXX-XXXX-6512,1941-03-04,Senior
P1985,Aadhya,Nair,37,M,bfa577dbc2b7140d,+91--XXXXXX-0578,XXXX-XXXX-6309,1989-01-01,Adult
P1986,Diya,Khan,5,M,f4a7051c8000f475,+91--XXXXXX-8394,XXXX-XXXX-1994,2021-08-04,Child
P1987,Saanvi,Patel,83,F,20be02307c4efb05,+91--XXXXXX-1041,XXXX-XXXX-1034,1943-07-19,Senior
P1988,Kavya,Iyer,78,M,8ab268de43cc0851,+91--XXXXXX-6243,XXXX-XXXX-6960,1948-09-25,Senior
P1989,Reyansh,Chatterjee,26,M,5f563abc43c48841,+91--XXXXXX-2352,XXXX-XXXX-9679,2000-04-12,Adult
P1990,Arjun,Agarwal,62,F,56abdcc5fd1a3409,+91--XXXXXX-8953,XXXX-XXXX-4343,1964-07-20,Senior
P1991,Aarav,Sharma,4,F,a317c93f410f244f,+91--XXXXXX-5354,XXXX-XXXX-5607,2022-07-24,Child
P1992,Diya,Singh,89,F,3e2d223b633768e5,+91--XXXXXX-9636,XXXX-XXXX-8041,1937-09-09,Senior
P1993,Muhammad,Naidu,42,M,6c67b8730a0a148f,+91--XXXXXX-0435,XXXX-XXXX-8131,1984-10-02,Adult
P1994,Diya,Kulkarni,89,F,b2dc9bd654c09c73,+91--XXXXXX-8553,XXXX-XXXX-1114,1937-03-18,Senior
P1995,Arjun,Verma,18,F,06089cae76a0e1e5,+91--XXXXXX-0502,XXXX-XXXX-9473,2008-08-06,Youth
P1996,Ira,Nair,40,M,220a5dc2e9dfa1ec,+91--XXXXXX-9487,XXXX-XXXX-8768,1986-09-24,Adult
P1997,Aadhya,Reddy,72,F,16e12d70fbda616c,+91--XXXXXX-0262,XXXX-XXXX-2872,1954-01-07,Senior
P1998,Shaurya,Kulkarni,39,F,b23d0b6536eb3d7e,+91--XXXXXX-9851,XXXX-XXXX-5730,1987-04-14,Adult
P1999,Ananya,Pillai,14,F,65384000d6bbf901,+91--XXXXXX-9290,XXXX-XXXX-4767,2012-12-15,Youth
